-- ###################################################################
-- #                  Vorlesung Datenbanken 1                        #
-- #                          "Join"                                 #
-- #         Aufbau der notwendigen Strukturen und Daten             #
-- #         für die technologische Übungsaufgabe Joins              #
-- #                                                                 #
-- #                                                                 #
-- #   Autor:   Prof. Dr. M. Hinkelmann                              #
-- #                                                                 #
-- ###################################################################
--
--
-- Bereinigen der Datenbank
--
SET DEFINE OFF;
DROP TABLE verkauf;
DROP TABLE produkt;
DROP TABLE preisliste;
DROP TABLE zeit;
DROP TABLE produktgruppe;
DROP TABLE lieferant;

--
-- Anlegen der Tabelle Produktgruppe inkl. Einfügen der Daten
--
CREATE TABLE produktgruppe (
	  produktgrp	INTEGER PRIMARY KEY
	, bezeichnung	CHAR(24)
);
--
INSERT INTO produktgruppe VALUES (1, 'Smartphone');
INSERT INTO produktgruppe VALUES (2, 'Zubehoer');
INSERT INTO produktgruppe VALUES (3, 'Tablet');
INSERT INTO produktgruppe VALUES (4, 'Dienstleistungen');
INSERT INTO produktgruppe VALUES (5, 'Software');
INSERT INTO produktgruppe VALUES (6, 'Beratungsleistungen');
--
-- Anlegen der Tabelle Lieferanten inkl. Einfügen der Daten
--
CREATE TABLE lieferant (
	  ident			INTEGER PRIMARY KEY
	, bezeichnung	CHAR(24) NOT NULL
	, kalkulation	integer
);
--
INSERT INTO lieferant VALUES (1, 'Eppel', 70);
INSERT INTO lieferant VALUES (2, 'Singsang', 54);
INSERT INTO lieferant VALUES (3, 'Omazone', 27);
INSERT INTO lieferant VALUES (4, 'MobilHai', 43);
INSERT INTO lieferant VALUES (5, 'Eigenleistung', 100);
INSERT INTO lieferant VALUES (6, 'direkt Import', 87);

--
-- Anlegen der Tabelle Zeit inkl. Einfügen der Daten
--
CREATE TABLE zeit (
	  ident		INTEGER PRIMARY KEY
	, bezeichnung   VARCHAR(24) NOT NULL
	, langbez	VARCHAR(255)
	, beginn	DATE NOT NULL
	, ende		DATE NOT NULL
);
--
INSERT INTO zeit VALUES (183, '08.2012', 'August 2012', to_date('01.08.2012', 'DD.MM.YYYY'), to_date('31.08.2012', 'DD.MM.YYYY' ));
INSERT INTO zeit VALUES (184, '09.2012', 'September 2012', to_date('01.09.2012', 'DD.MM.YYYY'), to_date('30.09.2012', 'DD.MM.YYYY'));
INSERT INTO zeit VALUES (185, '10.2012', 'Oktober 2012', to_date('01.10.2012', 'DD.MM.YYYY'), to_date('31.10.2012', 'DD.MM.YYYY'));
INSERT INTO zeit VALUES (186, '11.2012', 'November 2012', to_date('01.11.2012', 'DD.MM.YYYY'), to_date('30.11.2012', 'DD.MM.YYYY'));
INSERT INTO zeit VALUES (187, 'Back2School', 'Schulanfangsaktion', to_date('15.08.2012', 'DD.MM.YYYY'), to_date('07.10.2012', 'DD.MM.YYYY'));
INSERT INTO zeit VALUES (188, 'Küken-Aktion', 'Semesteranfangsaktion', to_date('25.09.2012', 'DD.MM.YYYY'), to_date('25.10.2012', 'DD.MM.YYYY'));
INSERT INTO zeit VALUES (189, 'Halloween', 'Aktion zur Halloween-Party', to_date('29.10.2012', 'DD.MM.YYYY'), to_date('01.11.2012', 'DD.MM.YYYY'));

--
-- Anlegen der Tabelle Produkt mit festen Preisen inkl. Einfügen der Daten
--
CREATE TABLE produkt (
	  produktnr		INTEGER PRIMARY KEY
	, produktgrp	INTEGER  NOT NULL REFERENCES produktgruppe (produktgrp)
	, lieferant		INTEGER  NOT NULL REFERENCES lieferant (ident)
	, bezeichnung	CHAR(24)
	, preis			FLOAT  NOT NULL
);
--
INSERT INTO produkt VALUES (0, 1, 1, 'EiFone 44S', 599.56);
INSERT INTO produkt VALUES (1, 1, 2, 'Gelataxy S404', 539.34);
INSERT INTO produkt VALUES (2, 1, 4, 'eLJ P747 Optimoebel', 189.26);
INSERT INTO produkt VALUES (3, 1, 4, 'THC Max', 729.99);
INSERT INTO produkt VALUES (4, 1, 4, 'THC Min', 379.99);
INSERT INTO produkt VALUES (5, 3, 2, 'Gelataxy Notiz', 499.99);
INSERT INTO produkt VALUES (6, 3, 3, 'Erwachsi Water', 299.99);
INSERT INTO produkt VALUES (7, 3, 1, 'EiPadel', 699.19);
INSERT INTO produkt VALUES (8, 2, 6, 'Schutzfolie Universal', 9.69);
INSERT INTO produkt VALUES (9, 2, 6, 'Ladegerät Universal', 17.49);
INSERT INTO produkt VALUES (10, 4, 4, 'Mobiltarif Phone&Surf', 39.99);
INSERT INTO produkt VALUES (11, 4, 4, 'Mobiltarif Surf', 9.99);
INSERT INTO produkt VALUES (12, 5, 1, 'EiTurn Goody 25', 25.00);
INSERT INTO produkt VALUES (13, 5, 1, 'EiTurn Goody 50', 50.00);
INSERT INTO produkt VALUES (14, 4, 5, 'Datenmigration', 150.00);

--
-- Anlegen der Tabelle Preisliste inkl. Einfügen der Daten
--
CREATE TABLE preisliste (
	produktnr	INTEGER,
	preis		FLOAT,
	gueltig_von	date,
	gueltig_bis	date
	);

INSERT INTO preisliste VALUES (0, 599.56, to_date('15.07.2012', 'DD.MM.YYYY'), to_date('07.09.2012', 'DD.MM.YYYY' ));
INSERT INTO preisliste VALUES (0, 569.84, to_date('08.09.2012', 'DD.MM.YYYY'), to_date('31.10.2012', 'DD.MM.YYYY' ));
INSERT INTO preisliste VALUES (0, 529.43, to_date('01.11.2012', 'DD.MM.YYYY'), to_date('31.12.2040', 'DD.MM.YYYY' ));
--
INSERT INTO preisliste VALUES (1, 539.34, to_date('01.07.2012', 'DD.MM.YYYY'), to_date('31.08.2012', 'DD.MM.YYYY' ));
INSERT INTO preisliste VALUES (1, 559.12, to_date('01.09.2012', 'DD.MM.YYYY'), to_date('31.12.2040', 'DD.MM.YYYY' ));
--
INSERT INTO preisliste VALUES (2, 189.26, to_date('01.03.2012', 'DD.MM.YYYY'), to_date('31.12.2040', 'DD.MM.YYYY' ));
--
INSERT INTO preisliste VALUES (3, 729.99, to_date('01.06.2012', 'DD.MM.YYYY'), to_date('11.08.2012', 'DD.MM.YYYY' ));
INSERT INTO preisliste VALUES (3, 779.99, to_date('12.08.2012', 'DD.MM.YYYY'), to_date('27.09.2012', 'DD.MM.YYYY' ));
INSERT INTO preisliste VALUES (3, 739.99, to_date('28.09.2012', 'DD.MM.YYYY'), to_date('15.10.2012', 'DD.MM.YYYY' ));
INSERT INTO preisliste VALUES (3, 709.99, to_date('16.10.2012', 'DD.MM.YYYY'), to_date('31.12.2040', 'DD.MM.YYYY' ));
--
INSERT INTO preisliste VALUES (4, 379.99, to_date('01.08.2012', 'DD.MM.YYYY'), to_date('31.08.2012', 'DD.MM.YYYY' ));
INSERT INTO preisliste VALUES (4, 399.99, to_date('01.09.2012', 'DD.MM.YYYY'), to_date('31.12.2040', 'DD.MM.YYYY' ));
--
INSERT INTO preisliste VALUES (5, 499.99, to_date('01.08.2012', 'DD.MM.YYYY'), to_date('11.08.2012', 'DD.MM.YYYY' ));
INSERT INTO preisliste VALUES (5, 469.99, to_date('12.08.2012', 'DD.MM.YYYY'), to_date('30.09.2012', 'DD.MM.YYYY' ));
INSERT INTO preisliste VALUES (5, 459.99, to_date('01.10.2012', 'DD.MM.YYYY'), to_date('31.12.2040', 'DD.MM.YYYY' ));
--
INSERT INTO preisliste VALUES (6, 299.99, to_date('01.08.2012', 'DD.MM.YYYY'), to_date('31.12.2040', 'DD.MM.YYYY' ));
--
INSERT INTO preisliste VALUES (7, 699.19, to_date('01.08.2012', 'DD.MM.YYYY'), to_date('21.08.2012', 'DD.MM.YYYY' ));
INSERT INTO preisliste VALUES (7, 689.19, to_date('22.08.2012', 'DD.MM.YYYY'), to_date('26.09.2012', 'DD.MM.YYYY' ));
INSERT INTO preisliste VALUES (7, 709.19, to_date('27.09.2012', 'DD.MM.YYYY'), to_date('17.11.2012', 'DD.MM.YYYY' ));
INSERT INTO preisliste VALUES (7, 679.19, to_date('18.11.2012', 'DD.MM.YYYY'), to_date('31.12.2040', 'DD.MM.YYYY' ));
--
INSERT INTO preisliste VALUES (8, 9.69  , to_date('01.08.2012', 'DD.MM.YYYY'), to_date('31.12.2040', 'DD.MM.YYYY' ));
INSERT INTO preisliste VALUES (9, 17.49 , to_date('01.08.2012', 'DD.MM.YYYY'), to_date('31.12.2040', 'DD.MM.YYYY' ));
INSERT INTO preisliste VALUES (10, 39.99, to_date('01.08.2012', 'DD.MM.YYYY'), to_date('31.12.2040', 'DD.MM.YYYY' ));
INSERT INTO preisliste VALUES (11, 9.99 , to_date('01.08.2012', 'DD.MM.YYYY'), to_date('31.12.2040', 'DD.MM.YYYY' ));
INSERT INTO preisliste VALUES (12, 25.00 , to_date('01.08.2012', 'DD.MM.YYYY'), to_date('31.12.2040', 'DD.MM.YYYY' ));
INSERT INTO preisliste VALUES (13, 50.00 , to_date('01.08.2012', 'DD.MM.YYYY'), to_date('31.12.2040', 'DD.MM.YYYY' ));
INSERT INTO preisliste VALUES (14, 150.00 , to_date('01.08.2012', 'DD.MM.YYYY'), to_date('31.12.2040', 'DD.MM.YYYY' ));
commit;
--
-- Anlegen der Tabelle Verkäufe inkl. Einfügen der Daten
--

--
CREATE TABLE verkauf (
	  ident		INTEGER	PRIMARY KEY
	, datum		DATE NOT NULL
	, produkt	INTEGER  NOT NULL REFERENCES produkt (produktnr)
);

INSERT INTO verkauf VALUES (7528, to_date('01.08.12 10:03', 'DD.MM.RR HH24:MI'),1);
INSERT INTO verkauf VALUES (7529, to_date('01.08.12 10:55', 'DD.MM.RR HH24:MI'),0);
INSERT INTO verkauf VALUES (7530, to_date('01.08.12 11:28', 'DD.MM.RR HH24:MI'),9);
INSERT INTO verkauf VALUES (7531, to_date('01.08.12 13:15', 'DD.MM.RR HH24:MI'),1);
INSERT INTO verkauf VALUES (7532, to_date('01.08.12 13:17', 'DD.MM.RR HH24:MI'),7);
INSERT INTO verkauf VALUES (7533, to_date('01.08.12 13:50', 'DD.MM.RR HH24:MI'),0);
INSERT INTO verkauf VALUES (7534, to_date('01.08.12 14:01', 'DD.MM.RR HH24:MI'),0);
INSERT INTO verkauf VALUES (7535, to_date('01.08.12 14:56', 'DD.MM.RR HH24:MI'),2);
INSERT INTO verkauf VALUES (7536, to_date('01.08.12 15:42', 'DD.MM.RR HH24:MI'),2);
INSERT INTO verkauf VALUES (7537, to_date('01.08.12 20:09', 'DD.MM.RR HH24:MI'),0);
INSERT INTO verkauf VALUES (7538, to_date('01.08.12 21:04', 'DD.MM.RR HH24:MI'),6);
INSERT INTO verkauf VALUES (7540, to_date('02.08.12 10:12', 'DD.MM.RR HH24:MI'),1);
INSERT INTO verkauf VALUES (7541, to_date('02.08.12 10:47', 'DD.MM.RR HH24:MI'),5);
INSERT INTO verkauf VALUES (7542, to_date('02.08.12 11:04', 'DD.MM.RR HH24:MI'),1);
INSERT INTO verkauf VALUES (7543, to_date('02.08.12 10:02', 'DD.MM.RR HH24:MI'),3);
INSERT INTO verkauf VALUES (7544, to_date('02.08.12 11:46', 'DD.MM.RR HH24:MI'),1);
INSERT INTO verkauf VALUES (7545, to_date('02.08.12 11:49', 'DD.MM.RR HH24:MI'),6);
INSERT INTO verkauf VALUES (7546, to_date('02.08.12 12:00', 'DD.MM.RR HH24:MI'),4);
INSERT INTO verkauf VALUES (7547, to_date('02.08.12 12:32', 'DD.MM.RR HH24:MI'),2);
INSERT INTO verkauf VALUES (7548, to_date('02.08.12 13:27', 'DD.MM.RR HH24:MI'),0);
INSERT INTO verkauf VALUES (7549, to_date('02.08.12 13:50', 'DD.MM.RR HH24:MI'),4);
INSERT INTO verkauf VALUES (7550, to_date('02.08.12 14:11', 'DD.MM.RR HH24:MI'),2);
INSERT INTO verkauf VALUES (7551, to_date('02.08.12 15:11', 'DD.MM.RR HH24:MI'),2);
INSERT INTO verkauf VALUES (7552, to_date('02.08.12 13:34', 'DD.MM.RR HH24:MI'),3);
INSERT INTO verkauf VALUES (7553, to_date('02.08.12 20:12', 'DD.MM.RR HH24:MI'),8);
INSERT INTO verkauf VALUES (7556, to_date('03.08.12 16:36', 'DD.MM.RR HH24:MI'),0);
INSERT INTO verkauf VALUES (7557, to_date('03.08.12 20:00', 'DD.MM.RR HH24:MI'),2);
INSERT INTO verkauf VALUES (7558, to_date('03.08.12 20:07', 'DD.MM.RR HH24:MI'),1);
INSERT INTO verkauf VALUES (7561, to_date('03.08.12 21:45', 'DD.MM.RR HH24:MI'),8);
INSERT INTO verkauf VALUES (7562, to_date('04.08.12 17:33', 'DD.MM.RR HH24:MI'),0);
INSERT INTO verkauf VALUES (7563, to_date('04.08.12 18:50', 'DD.MM.RR HH24:MI'),1);
INSERT INTO verkauf VALUES (7564, to_date('04.08.12 19:10', 'DD.MM.RR HH24:MI'),2);
INSERT INTO verkauf VALUES (7565, to_date('04.08.12 19:31', 'DD.MM.RR HH24:MI'),4);
INSERT INTO verkauf VALUES (7566, to_date('04.08.12 19:52', 'DD.MM.RR HH24:MI'),0);
INSERT INTO verkauf VALUES (7567, to_date('04.08.12 19:49', 'DD.MM.RR HH24:MI'),7);
INSERT INTO verkauf VALUES (7568, to_date('04.08.12 19:58', 'DD.MM.RR HH24:MI'),2);
INSERT INTO verkauf VALUES (7569, to_date('04.08.12 20:01', 'DD.MM.RR HH24:MI'),2);
INSERT INTO verkauf VALUES (7570, to_date('05.08.12 09:03', 'DD.MM.RR HH24:MI'),3);
INSERT INTO verkauf VALUES (7571, to_date('05.08.12 09:13', 'DD.MM.RR HH24:MI'),3);
INSERT INTO verkauf VALUES (7572, to_date('05.08.12 09:39', 'DD.MM.RR HH24:MI'),6);
INSERT INTO verkauf VALUES (7573, to_date('05.08.12 09:46', 'DD.MM.RR HH24:MI'),0);
INSERT INTO verkauf VALUES (7574, to_date('05.08.12 09:47', 'DD.MM.RR HH24:MI'),2);
INSERT INTO verkauf VALUES (7575, to_date('05.08.12 15:52', 'DD.MM.RR HH24:MI'),1);
INSERT INTO verkauf VALUES (7576, to_date('05.08.12 17:44', 'DD.MM.RR HH24:MI'),0);
INSERT INTO verkauf VALUES (7577, to_date('05.08.12 19:05', 'DD.MM.RR HH24:MI'),0);
INSERT INTO verkauf VALUES (7578, to_date('05.08.12 20:40', 'DD.MM.RR HH24:MI'),2);
INSERT INTO verkauf VALUES (7579, to_date('05.08.12 21:01', 'DD.MM.RR HH24:MI'),5);
INSERT INTO verkauf VALUES (7580, to_date('06.08.12 09:25', 'DD.MM.RR HH24:MI'),3);
INSERT INTO verkauf VALUES (7581, to_date('06.08.12 10:35', 'DD.MM.RR HH24:MI'),1);
INSERT INTO verkauf VALUES (7582, to_date('06.08.12 11:17', 'DD.MM.RR HH24:MI'),1);
INSERT INTO verkauf VALUES (7583, to_date('06.08.12 13:07', 'DD.MM.RR HH24:MI'),7);
INSERT INTO verkauf VALUES (7584, to_date('06.08.12 13:16', 'DD.MM.RR HH24:MI'),1);
INSERT INTO verkauf VALUES (7585, to_date('06.08.12 14:30', 'DD.MM.RR HH24:MI'),3);
INSERT INTO verkauf VALUES (7586, to_date('06.08.12 16:49', 'DD.MM.RR HH24:MI'),1);
INSERT INTO verkauf VALUES (7587, to_date('06.08.12 19:49', 'DD.MM.RR HH24:MI'),1);
INSERT INTO verkauf VALUES (7588, to_date('07.08.12 10:24', 'DD.MM.RR HH24:MI'),1);
INSERT INTO verkauf VALUES (7589, to_date('07.08.12 11:15', 'DD.MM.RR HH24:MI'),3);
INSERT INTO verkauf VALUES (7590, to_date('07.08.12 11:26', 'DD.MM.RR HH24:MI'),0);
INSERT INTO verkauf VALUES (7591, to_date('07.08.12 11:31', 'DD.MM.RR HH24:MI'),0);
INSERT INTO verkauf VALUES (7592, to_date('07.08.12 11:32', 'DD.MM.RR HH24:MI'),1);
INSERT INTO verkauf VALUES (7593, to_date('07.08.12 11:36', 'DD.MM.RR HH24:MI'),2);
INSERT INTO verkauf VALUES (7594, to_date('07.08.12 11:40', 'DD.MM.RR HH24:MI'),2);
INSERT INTO verkauf VALUES (7595, to_date('07.08.12 14:16', 'DD.MM.RR HH24:MI'),7);
INSERT INTO verkauf VALUES (7596, to_date('07.08.12 17:43', 'DD.MM.RR HH24:MI'),0);
INSERT INTO verkauf VALUES (7597, to_date('07.08.12 18:26', 'DD.MM.RR HH24:MI'),0);
INSERT INTO verkauf VALUES (7598, to_date('07.08.12 18:33', 'DD.MM.RR HH24:MI'),9);
INSERT INTO verkauf VALUES (7599, to_date('07.08.12 19:36', 'DD.MM.RR HH24:MI'),4);
INSERT INTO verkauf VALUES (7600, to_date('07.08.12 20:34', 'DD.MM.RR HH24:MI'),3);
INSERT INTO verkauf VALUES (7601, to_date('08.08.12 10:04', 'DD.MM.RR HH24:MI'),5);
INSERT INTO verkauf VALUES (7602, to_date('08.08.12 19:13', 'DD.MM.RR HH24:MI'),3);
INSERT INTO verkauf VALUES (7603, to_date('08.08.12 19:54', 'DD.MM.RR HH24:MI'),0);
INSERT INTO verkauf VALUES (7604, to_date('09.08.12 18:34', 'DD.MM.RR HH24:MI'),0);
INSERT INTO verkauf VALUES (7605, to_date('09.08.12 19:06', 'DD.MM.RR HH24:MI'),7);
INSERT INTO verkauf VALUES (7606, to_date('10.08.12 09:33', 'DD.MM.RR HH24:MI'),3);
INSERT INTO verkauf VALUES (7607, to_date('10.08.12 15:32', 'DD.MM.RR HH24:MI'),3);
INSERT INTO verkauf VALUES (7608, to_date('10.08.12 19:21', 'DD.MM.RR HH24:MI'),0);
INSERT INTO verkauf VALUES (7609, to_date('10.08.12 19:30', 'DD.MM.RR HH24:MI'),3);
INSERT INTO verkauf VALUES (7610, to_date('10.08.12 19:39', 'DD.MM.RR HH24:MI'),3);
INSERT INTO verkauf VALUES (7611, to_date('10.08.12 19:49', 'DD.MM.RR HH24:MI'),1);
INSERT INTO verkauf VALUES (7612, to_date('11.08.12 08:24', 'DD.MM.RR HH24:MI'),5);
INSERT INTO verkauf VALUES (7613, to_date('11.08.12 09:15', 'DD.MM.RR HH24:MI'),0);
INSERT INTO verkauf VALUES (7614, to_date('11.08.12 21:58', 'DD.MM.RR HH24:MI'),8);
INSERT INTO verkauf VALUES (7615, to_date('12.08.12 08:58', 'DD.MM.RR HH24:MI'),3);
INSERT INTO verkauf VALUES (7616, to_date('12.08.12 09:15', 'DD.MM.RR HH24:MI'),2);
INSERT INTO verkauf VALUES (7617, to_date('12.08.12 09:40', 'DD.MM.RR HH24:MI'),6);
INSERT INTO verkauf VALUES (7618, to_date('12.08.12 14:18', 'DD.MM.RR HH24:MI'),4);
INSERT INTO verkauf VALUES (7619, to_date('12.08.12 21:37', 'DD.MM.RR HH24:MI'),1);
INSERT INTO verkauf VALUES (7620, to_date('13.08.12 12:00', 'DD.MM.RR HH24:MI'),1);
INSERT INTO verkauf VALUES (7621, to_date('13.08.12 12:02', 'DD.MM.RR HH24:MI'),2);
INSERT INTO verkauf VALUES (7622, to_date('13.08.12 14:21', 'DD.MM.RR HH24:MI'),4);
INSERT INTO verkauf VALUES (7623, to_date('13.08.12 14:39', 'DD.MM.RR HH24:MI'),0);
INSERT INTO verkauf VALUES (7624, to_date('13.08.12 18:19', 'DD.MM.RR HH24:MI'),6);
INSERT INTO verkauf VALUES (7625, to_date('13.08.12 19:25', 'DD.MM.RR HH24:MI'),6);
INSERT INTO verkauf VALUES (7626, to_date('14.08.12 08:35', 'DD.MM.RR HH24:MI'),0);
INSERT INTO verkauf VALUES (7627, to_date('14.08.12 08:37', 'DD.MM.RR HH24:MI'),1);
INSERT INTO verkauf VALUES (7628, to_date('14.08.12 08:40', 'DD.MM.RR HH24:MI'),0);
INSERT INTO verkauf VALUES (7629, to_date('14.08.12 08:42', 'DD.MM.RR HH24:MI'),3);
INSERT INTO verkauf VALUES (7630, to_date('14.08.12 09:21', 'DD.MM.RR HH24:MI'),0);
INSERT INTO verkauf VALUES (7631, to_date('14.08.12 12:56', 'DD.MM.RR HH24:MI'),2);
INSERT INTO verkauf VALUES (7632, to_date('14.08.12 13:23', 'DD.MM.RR HH24:MI'),0);
INSERT INTO verkauf VALUES (7633, to_date('14.08.12 13:21', 'DD.MM.RR HH24:MI'),4);
INSERT INTO verkauf VALUES (7634, to_date('14.08.12 13:37', 'DD.MM.RR HH24:MI'),1);
INSERT INTO verkauf VALUES (7635, to_date('14.08.12 13:44', 'DD.MM.RR HH24:MI'),5);
INSERT INTO verkauf VALUES (7636, to_date('14.08.12 14:39', 'DD.MM.RR HH24:MI'),4);
INSERT INTO verkauf VALUES (7637, to_date('14.08.12 16:16', 'DD.MM.RR HH24:MI'),3);
INSERT INTO verkauf VALUES (7638, to_date('14.08.12 16:56', 'DD.MM.RR HH24:MI'),0);
INSERT INTO verkauf VALUES (7639, to_date('14.08.12 16:57', 'DD.MM.RR HH24:MI'),3);
INSERT INTO verkauf VALUES (7640, to_date('14.08.12 20:29', 'DD.MM.RR HH24:MI'),5);
INSERT INTO verkauf VALUES (7641, to_date('15.08.12 08:46', 'DD.MM.RR HH24:MI'),0);
INSERT INTO verkauf VALUES (7642, to_date('15.08.12 08:47', 'DD.MM.RR HH24:MI'),1);
INSERT INTO verkauf VALUES (7643, to_date('15.08.12 08:54', 'DD.MM.RR HH24:MI'),0);
INSERT INTO verkauf VALUES (7644, to_date('15.08.12 08:56', 'DD.MM.RR HH24:MI'),0);
INSERT INTO verkauf VALUES (7645, to_date('15.08.12 10:41', 'DD.MM.RR HH24:MI'),3);
INSERT INTO verkauf VALUES (7646, to_date('15.08.12 10:48', 'DD.MM.RR HH24:MI'),2);
INSERT INTO verkauf VALUES (7647, to_date('15.08.12 12:14', 'DD.MM.RR HH24:MI'),0);
INSERT INTO verkauf VALUES (7648, to_date('15.08.12 12:39', 'DD.MM.RR HH24:MI'),1);
INSERT INTO verkauf VALUES (7649, to_date('15.08.12 16:23', 'DD.MM.RR HH24:MI'),3);
INSERT INTO verkauf VALUES (7650, to_date('15.08.12 18:37', 'DD.MM.RR HH24:MI'),0);
INSERT INTO verkauf VALUES (7651, to_date('16.08.12 12:36', 'DD.MM.RR HH24:MI'),0);
INSERT INTO verkauf VALUES (7652, to_date('16.08.12 16:34', 'DD.MM.RR HH24:MI'),1);
INSERT INTO verkauf VALUES (7653, to_date('16.08.12 16:37', 'DD.MM.RR HH24:MI'),0);
INSERT INTO verkauf VALUES (7654, to_date('16.08.12 17:24', 'DD.MM.RR HH24:MI'),0);
INSERT INTO verkauf VALUES (7655, to_date('16.08.12 17:28', 'DD.MM.RR HH24:MI'),5);
INSERT INTO verkauf VALUES (7656, to_date('16.08.12 18:40', 'DD.MM.RR HH24:MI'),0);
INSERT INTO verkauf VALUES (7657, to_date('16.08.12 19:15', 'DD.MM.RR HH24:MI'),2);
INSERT INTO verkauf VALUES (7658, to_date('16.08.12 19:39', 'DD.MM.RR HH24:MI'),0);
INSERT INTO verkauf VALUES (7659, to_date('16.08.12 19:46', 'DD.MM.RR HH24:MI'),5);
INSERT INTO verkauf VALUES (7660, to_date('16.08.12 21:14', 'DD.MM.RR HH24:MI'),2);
INSERT INTO verkauf VALUES (7661, to_date('16.08.12 22:46', 'DD.MM.RR HH24:MI'),1);
INSERT INTO verkauf VALUES (7662, to_date('17.08.12 09:52', 'DD.MM.RR HH24:MI'),4);
INSERT INTO verkauf VALUES (7663, to_date('17.08.12 11:23', 'DD.MM.RR HH24:MI'),1);
INSERT INTO verkauf VALUES (7664, to_date('18.08.12 09:00', 'DD.MM.RR HH24:MI'),3);
INSERT INTO verkauf VALUES (7665, to_date('18.08.12 18:02', 'DD.MM.RR HH24:MI'),0);
INSERT INTO verkauf VALUES (7666, to_date('18.08.12 19:28', 'DD.MM.RR HH24:MI'),3);
INSERT INTO verkauf VALUES (7667, to_date('18.08.12 20:49', 'DD.MM.RR HH24:MI'),0);
INSERT INTO verkauf VALUES (7668, to_date('18.08.12 21:32', 'DD.MM.RR HH24:MI'),2);
INSERT INTO verkauf VALUES (7669, to_date('19.08.12 08:56', 'DD.MM.RR HH24:MI'),2);
INSERT INTO verkauf VALUES (7670, to_date('19.08.12 09:07', 'DD.MM.RR HH24:MI'),8);
INSERT INTO verkauf VALUES (7671, to_date('19.08.12 14:30', 'DD.MM.RR HH24:MI'),3);
INSERT INTO verkauf VALUES (7672, to_date('19.08.12 21:04', 'DD.MM.RR HH24:MI'),3);
INSERT INTO verkauf VALUES (7673, to_date('20.08.12 10:50', 'DD.MM.RR HH24:MI'),0);
INSERT INTO verkauf VALUES (7674, to_date('20.08.12 10:51', 'DD.MM.RR HH24:MI'),3);
INSERT INTO verkauf VALUES (7675, to_date('20.08.12 11:32', 'DD.MM.RR HH24:MI'),1);
INSERT INTO verkauf VALUES (7676, to_date('20.08.12 12:06', 'DD.MM.RR HH24:MI'),0);
INSERT INTO verkauf VALUES (7677, to_date('20.08.12 14:16', 'DD.MM.RR HH24:MI'),2);
INSERT INTO verkauf VALUES (7678, to_date('20.08.12 18:12', 'DD.MM.RR HH24:MI'),1);
INSERT INTO verkauf VALUES (7679, to_date('21.08.12 10:33', 'DD.MM.RR HH24:MI'),0);
INSERT INTO verkauf VALUES (7680, to_date('21.08.12 10:35', 'DD.MM.RR HH24:MI'),0);
INSERT INTO verkauf VALUES (7681, to_date('21.08.12 14:20', 'DD.MM.RR HH24:MI'),5);
INSERT INTO verkauf VALUES (7682, to_date('21.08.12 19:01', 'DD.MM.RR HH24:MI'),8);
INSERT INTO verkauf VALUES (7683, to_date('22.08.12 08:43', 'DD.MM.RR HH24:MI'),1);
INSERT INTO verkauf VALUES (7684, to_date('22.08.12 08:47', 'DD.MM.RR HH24:MI'),2);
INSERT INTO verkauf VALUES (7685, to_date('22.08.12 17:29', 'DD.MM.RR HH24:MI'),0);
INSERT INTO verkauf VALUES (7686, to_date('22.08.12 18:58', 'DD.MM.RR HH24:MI'),1);
INSERT INTO verkauf VALUES (7687, to_date('22.08.12 19:33', 'DD.MM.RR HH24:MI'),2);
INSERT INTO verkauf VALUES (7688, to_date('22.08.12 21:31', 'DD.MM.RR HH24:MI'),2);
INSERT INTO verkauf VALUES (7689, to_date('23.08.12 11:18', 'DD.MM.RR HH24:MI'),0);
INSERT INTO verkauf VALUES (7690, to_date('23.08.12 12:52', 'DD.MM.RR HH24:MI'),4);
INSERT INTO verkauf VALUES (7691, to_date('23.08.12 13:08', 'DD.MM.RR HH24:MI'),4);
INSERT INTO verkauf VALUES (7692, to_date('23.08.12 13:13', 'DD.MM.RR HH24:MI'),0);
INSERT INTO verkauf VALUES (7693, to_date('23.08.12 17:48', 'DD.MM.RR HH24:MI'),0);
INSERT INTO verkauf VALUES (7694, to_date('23.08.12 17:49', 'DD.MM.RR HH24:MI'),0);
INSERT INTO verkauf VALUES (7695, to_date('23.08.12 19:06', 'DD.MM.RR HH24:MI'),1);
INSERT INTO verkauf VALUES (7696, to_date('23.08.12 20:26', 'DD.MM.RR HH24:MI'),0);
INSERT INTO verkauf VALUES (7697, to_date('24.08.12 17:25', 'DD.MM.RR HH24:MI'),1);
INSERT INTO verkauf VALUES (7698, to_date('25.08.12 21:24', 'DD.MM.RR HH24:MI'),1);
INSERT INTO verkauf VALUES (7699, to_date('26.08.12 09:30', 'DD.MM.RR HH24:MI'),7);
INSERT INTO verkauf VALUES (7700, to_date('26.08.12 09:48', 'DD.MM.RR HH24:MI'),0);
INSERT INTO verkauf VALUES (7701, to_date('26.08.12 12:59', 'DD.MM.RR HH24:MI'),4);
INSERT INTO verkauf VALUES (7702, to_date('26.08.12 13:29', 'DD.MM.RR HH24:MI'),5);
INSERT INTO verkauf VALUES (7703, to_date('27.08.12 09:06', 'DD.MM.RR HH24:MI'),1);
INSERT INTO verkauf VALUES (7704, to_date('27.08.12 09:59', 'DD.MM.RR HH24:MI'),9);
INSERT INTO verkauf VALUES (7705, to_date('27.08.12 10:10', 'DD.MM.RR HH24:MI'),2);
INSERT INTO verkauf VALUES (7706, to_date('27.08.12 10:23', 'DD.MM.RR HH24:MI'),8);
INSERT INTO verkauf VALUES (7707, to_date('28.08.12 08:42', 'DD.MM.RR HH24:MI'),0);
INSERT INTO verkauf VALUES (7708, to_date('28.08.12 09:22', 'DD.MM.RR HH24:MI'),5);
INSERT INTO verkauf VALUES (7709, to_date('28.08.12 09:28', 'DD.MM.RR HH24:MI'),2);
INSERT INTO verkauf VALUES (7710, to_date('28.08.12 12:49', 'DD.MM.RR HH24:MI'),2);
INSERT INTO verkauf VALUES (7711, to_date('28.08.12 13:07', 'DD.MM.RR HH24:MI'),0);
INSERT INTO verkauf VALUES (7712, to_date('28.08.12 17:02', 'DD.MM.RR HH24:MI'),0);
INSERT INTO verkauf VALUES (7713, to_date('28.08.12 21:02', 'DD.MM.RR HH24:MI'),0);
INSERT INTO verkauf VALUES (7714, to_date('28.08.12 21:21', 'DD.MM.RR HH24:MI'),1);
INSERT INTO verkauf VALUES (7715, to_date('28.08.12 21:45', 'DD.MM.RR HH24:MI'),3);
INSERT INTO verkauf VALUES (7716, to_date('28.08.12 22:15', 'DD.MM.RR HH24:MI'),0);
INSERT INTO verkauf VALUES (7717, to_date('29.08.12 09:19', 'DD.MM.RR HH24:MI'),6);
INSERT INTO verkauf VALUES (7718, to_date('29.08.12 13:00', 'DD.MM.RR HH24:MI'),5);
INSERT INTO verkauf VALUES (7719, to_date('29.08.12 13:05', 'DD.MM.RR HH24:MI'),4);
INSERT INTO verkauf VALUES (7720, to_date('29.08.12 13:53', 'DD.MM.RR HH24:MI'),1);
INSERT INTO verkauf VALUES (7721, to_date('30.08.12 08:48', 'DD.MM.RR HH24:MI'),1);
INSERT INTO verkauf VALUES (7722, to_date('30.08.12 09:19', 'DD.MM.RR HH24:MI'),1);
INSERT INTO verkauf VALUES (7723, to_date('30.08.12 09:24', 'DD.MM.RR HH24:MI'),0);
INSERT INTO verkauf VALUES (7724, to_date('30.08.12 09:27', 'DD.MM.RR HH24:MI'),1);
INSERT INTO verkauf VALUES (7725, to_date('30.08.12 09:29', 'DD.MM.RR HH24:MI'),1);
INSERT INTO verkauf VALUES (7726, to_date('30.08.12 09:34', 'DD.MM.RR HH24:MI'),1);
INSERT INTO verkauf VALUES (7727, to_date('30.08.12 09:48', 'DD.MM.RR HH24:MI'),1);
INSERT INTO verkauf VALUES (7728, to_date('30.08.12 10:01', 'DD.MM.RR HH24:MI'),4);
INSERT INTO verkauf VALUES (7729, to_date('30.08.12 10:21', 'DD.MM.RR HH24:MI'),8);
INSERT INTO verkauf VALUES (7730, to_date('30.08.12 10:30', 'DD.MM.RR HH24:MI'),5);
INSERT INTO verkauf VALUES (7731, to_date('30.08.12 09:26', 'DD.MM.RR HH24:MI'),9);
INSERT INTO verkauf VALUES (7732, to_date('30.08.12 10:52', 'DD.MM.RR HH24:MI'),0);
INSERT INTO verkauf VALUES (7733, to_date('30.08.12 11:18', 'DD.MM.RR HH24:MI'),1);
INSERT INTO verkauf VALUES (7734, to_date('30.08.12 11:19', 'DD.MM.RR HH24:MI'),3);
INSERT INTO verkauf VALUES (7735, to_date('30.08.12 11:32', 'DD.MM.RR HH24:MI'),8);
INSERT INTO verkauf VALUES (7736, to_date('30.08.12 11:28', 'DD.MM.RR HH24:MI'),4);
INSERT INTO verkauf VALUES (7737, to_date('30.08.12 13:54', 'DD.MM.RR HH24:MI'),3);
INSERT INTO verkauf VALUES (7738, to_date('30.08.12 14:19', 'DD.MM.RR HH24:MI'),7);
INSERT INTO verkauf VALUES (7739, to_date('30.08.12 15:16', 'DD.MM.RR HH24:MI'),1);
INSERT INTO verkauf VALUES (7740, to_date('30.08.12 20:18', 'DD.MM.RR HH24:MI'),3);
INSERT INTO verkauf VALUES (7741, to_date('31.08.12 11:09', 'DD.MM.RR HH24:MI'),0);
INSERT INTO verkauf VALUES (7742, to_date('31.08.12 21:22', 'DD.MM.RR HH24:MI'),7);
INSERT INTO verkauf VALUES (7743, to_date('01.09.12 10:25', 'DD.MM.RR HH24:MI'),6);
INSERT INTO verkauf VALUES (7744, to_date('01.09.12 10:52', 'DD.MM.RR HH24:MI'),8);
INSERT INTO verkauf VALUES (7745, to_date('01.09.12 11:03', 'DD.MM.RR HH24:MI'),8);
INSERT INTO verkauf VALUES (7746, to_date('01.09.12 11:22', 'DD.MM.RR HH24:MI'),2);
INSERT INTO verkauf VALUES (7747, to_date('01.09.12 11:27', 'DD.MM.RR HH24:MI'),0);
INSERT INTO verkauf VALUES (7748, to_date('01.09.12 11:59', 'DD.MM.RR HH24:MI'),1);
INSERT INTO verkauf VALUES (7749, to_date('01.09.12 17:54', 'DD.MM.RR HH24:MI'),3);
INSERT INTO verkauf VALUES (7750, to_date('02.09.12 10:12', 'DD.MM.RR HH24:MI'),1);
INSERT INTO verkauf VALUES (7751, to_date('02.09.12 10:47', 'DD.MM.RR HH24:MI'),5);
INSERT INTO verkauf VALUES (7752, to_date('02.09.12 11:04', 'DD.MM.RR HH24:MI'),1);
INSERT INTO verkauf VALUES (7753, to_date('02.09.12 10:02', 'DD.MM.RR HH24:MI'),3);
INSERT INTO verkauf VALUES (7754, to_date('02.09.12 11:46', 'DD.MM.RR HH24:MI'),1);
INSERT INTO verkauf VALUES (7755, to_date('02.09.12 11:49', 'DD.MM.RR HH24:MI'),6);
INSERT INTO verkauf VALUES (7756, to_date('02.09.12 12:00', 'DD.MM.RR HH24:MI'),4);
INSERT INTO verkauf VALUES (7757, to_date('02.09.12 12:32', 'DD.MM.RR HH24:MI'),2);
INSERT INTO verkauf VALUES (7758, to_date('02.09.12 13:27', 'DD.MM.RR HH24:MI'),0);
INSERT INTO verkauf VALUES (7759, to_date('02.09.12 13:50', 'DD.MM.RR HH24:MI'),4);
INSERT INTO verkauf VALUES (7760, to_date('02.09.12 14:11', 'DD.MM.RR HH24:MI'),2);
INSERT INTO verkauf VALUES (7761, to_date('02.09.12 15:11', 'DD.MM.RR HH24:MI'),2);
INSERT INTO verkauf VALUES (7762, to_date('02.09.12 13:34', 'DD.MM.RR HH24:MI'),3);
INSERT INTO verkauf VALUES (7763, to_date('02.09.12 20:12', 'DD.MM.RR HH24:MI'),8);
INSERT INTO verkauf VALUES (7764, to_date('03.09.12 08:51', 'DD.MM.RR HH24:MI'),1);
INSERT INTO verkauf VALUES (7765, to_date('03.09.12 08:51', 'DD.MM.RR HH24:MI'),4);
INSERT INTO verkauf VALUES (7766, to_date('03.09.12 10:40', 'DD.MM.RR HH24:MI'),1);
INSERT INTO verkauf VALUES (7767, to_date('03.09.12 11:32', 'DD.MM.RR HH24:MI'),4);
INSERT INTO verkauf VALUES (7768, to_date('03.09.12 12:24', 'DD.MM.RR HH24:MI'),3);
INSERT INTO verkauf VALUES (7769, to_date('03.09.12 14:44', 'DD.MM.RR HH24:MI'),5);
INSERT INTO verkauf VALUES (7770, to_date('03.09.12 17:06', 'DD.MM.RR HH24:MI'),2);
INSERT INTO verkauf VALUES (7771, to_date('03.09.12 18:31', 'DD.MM.RR HH24:MI'),1);
INSERT INTO verkauf VALUES (7772, to_date('03.09.12 18:33', 'DD.MM.RR HH24:MI'),1);
INSERT INTO verkauf VALUES (7773, to_date('03.09.12 19:05', 'DD.MM.RR HH24:MI'),1);
INSERT INTO verkauf VALUES (7774, to_date('03.09.12 19:43', 'DD.MM.RR HH24:MI'),0);
INSERT INTO verkauf VALUES (7775, to_date('03.09.12 20:03', 'DD.MM.RR HH24:MI'),0);
INSERT INTO verkauf VALUES (7776, to_date('03.09.12 20:20', 'DD.MM.RR HH24:MI'),2);
INSERT INTO verkauf VALUES (7777, to_date('04.09.12 12:45', 'DD.MM.RR HH24:MI'),7);
INSERT INTO verkauf VALUES (7778, to_date('04.09.12 16:34', 'DD.MM.RR HH24:MI'),0);
INSERT INTO verkauf VALUES (7779, to_date('04.09.12 17:52', 'DD.MM.RR HH24:MI'),2);
INSERT INTO verkauf VALUES (7780, to_date('04.09.12 18:08', 'DD.MM.RR HH24:MI'),5);
INSERT INTO verkauf VALUES (7781, to_date('04.09.12 18:37', 'DD.MM.RR HH24:MI'),0);
INSERT INTO verkauf VALUES (7782, to_date('04.09.12 18:45', 'DD.MM.RR HH24:MI'),2);
INSERT INTO verkauf VALUES (7783, to_date('04.09.12 20:46', 'DD.MM.RR HH24:MI'),4);
INSERT INTO verkauf VALUES (7784, to_date('05.09.12 08:22', 'DD.MM.RR HH24:MI'),0);
INSERT INTO verkauf VALUES (7785, to_date('05.09.12 08:53', 'DD.MM.RR HH24:MI'),9);
INSERT INTO verkauf VALUES (7786, to_date('05.09.12 09:43', 'DD.MM.RR HH24:MI'),9);
INSERT INTO verkauf VALUES (7787, to_date('05.09.12 09:52', 'DD.MM.RR HH24:MI'),0);
INSERT INTO verkauf VALUES (7788, to_date('05.09.12 09:52', 'DD.MM.RR HH24:MI'),4);
INSERT INTO verkauf VALUES (7789, to_date('05.09.12 09:58', 'DD.MM.RR HH24:MI'),5);
INSERT INTO verkauf VALUES (7790, to_date('05.09.12 10:25', 'DD.MM.RR HH24:MI'),8);
INSERT INTO verkauf VALUES (7791, to_date('05.09.12 10:39', 'DD.MM.RR HH24:MI'),0);
INSERT INTO verkauf VALUES (7792, to_date('05.09.12 10:41', 'DD.MM.RR HH24:MI'),0);
INSERT INTO verkauf VALUES (7793, to_date('05.09.12 11:00', 'DD.MM.RR HH24:MI'),8);
INSERT INTO verkauf VALUES (7794, to_date('05.09.12 11:24', 'DD.MM.RR HH24:MI'),1);
INSERT INTO verkauf VALUES (7795, to_date('05.09.12 09:55', 'DD.MM.RR HH24:MI'),0);
INSERT INTO verkauf VALUES (7796, to_date('05.09.12 16:53', 'DD.MM.RR HH24:MI'),0);
INSERT INTO verkauf VALUES (7797, to_date('05.09.12 18:30', 'DD.MM.RR HH24:MI'),0);
INSERT INTO verkauf VALUES (7798, to_date('05.09.12 19:08', 'DD.MM.RR HH24:MI'),3);
INSERT INTO verkauf VALUES (7799, to_date('06.09.12 08:00', 'DD.MM.RR HH24:MI'),0);
INSERT INTO verkauf VALUES (7800, to_date('06.09.12 12:41', 'DD.MM.RR HH24:MI'),1);
INSERT INTO verkauf VALUES (7801, to_date('07.09.12 09:12', 'DD.MM.RR HH24:MI'),3);
INSERT INTO verkauf VALUES (7802, to_date('07.09.12 09:28', 'DD.MM.RR HH24:MI'),0);
INSERT INTO verkauf VALUES (7803, to_date('07.09.12 09:38', 'DD.MM.RR HH24:MI'),0);
INSERT INTO verkauf VALUES (7804, to_date('07.09.12 15:45', 'DD.MM.RR HH24:MI'),0);
INSERT INTO verkauf VALUES (7805, to_date('08.09.12 09:13', 'DD.MM.RR HH24:MI'),7);
INSERT INTO verkauf VALUES (7806, to_date('08.09.12 09:38', 'DD.MM.RR HH24:MI'),1);
INSERT INTO verkauf VALUES (7807, to_date('08.09.12 10:03', 'DD.MM.RR HH24:MI'),0);
INSERT INTO verkauf VALUES (7808, to_date('08.09.12 13:26', 'DD.MM.RR HH24:MI'),0);
INSERT INTO verkauf VALUES (7809, to_date('08.09.12 14:00', 'DD.MM.RR HH24:MI'),0);
INSERT INTO verkauf VALUES (7810, to_date('08.09.12 18:56', 'DD.MM.RR HH24:MI'),7);
INSERT INTO verkauf VALUES (7811, to_date('09.09.12 09:02', 'DD.MM.RR HH24:MI'),0);
INSERT INTO verkauf VALUES (7812, to_date('09.09.12 10:22', 'DD.MM.RR HH24:MI'),1);
INSERT INTO verkauf VALUES (7813, to_date('09.09.12 15:47', 'DD.MM.RR HH24:MI'),0);
INSERT INTO verkauf VALUES (7814, to_date('09.09.12 16:22', 'DD.MM.RR HH24:MI'),5);
INSERT INTO verkauf VALUES (7815, to_date('09.09.12 17:48', 'DD.MM.RR HH24:MI'),0);
INSERT INTO verkauf VALUES (7816, to_date('09.09.12 17:59', 'DD.MM.RR HH24:MI'),2);
INSERT INTO verkauf VALUES (7817, to_date('09.09.12 18:07', 'DD.MM.RR HH24:MI'),0);
INSERT INTO verkauf VALUES (7818, to_date('09.09.12 18:17', 'DD.MM.RR HH24:MI'),0);
INSERT INTO verkauf VALUES (7819, to_date('09.09.12 18:42', 'DD.MM.RR HH24:MI'),6);
INSERT INTO verkauf VALUES (7820, to_date('09.09.12 18:49', 'DD.MM.RR HH24:MI'),5);
INSERT INTO verkauf VALUES (7821, to_date('10.09.12 09:10', 'DD.MM.RR HH24:MI'),3);
INSERT INTO verkauf VALUES (7822, to_date('10.09.12 09:14', 'DD.MM.RR HH24:MI'),1);
INSERT INTO verkauf VALUES (7823, to_date('10.09.12 12:45', 'DD.MM.RR HH24:MI'),0);
INSERT INTO verkauf VALUES (7824, to_date('10.09.12 14:08', 'DD.MM.RR HH24:MI'),0);
INSERT INTO verkauf VALUES (7825, to_date('10.09.12 14:30', 'DD.MM.RR HH24:MI'),5);
INSERT INTO verkauf VALUES (7826, to_date('10.09.12 15:51', 'DD.MM.RR HH24:MI'),0);
INSERT INTO verkauf VALUES (7827, to_date('10.09.12 15:53', 'DD.MM.RR HH24:MI'),3);
INSERT INTO verkauf VALUES (7828, to_date('10.09.12 16:33', 'DD.MM.RR HH24:MI'),1);
INSERT INTO verkauf VALUES (7829, to_date('10.09.12 17:12', 'DD.MM.RR HH24:MI'),1);
INSERT INTO verkauf VALUES (7830, to_date('10.09.12 17:35', 'DD.MM.RR HH24:MI'),0);
INSERT INTO verkauf VALUES (7831, to_date('10.09.12 17:36', 'DD.MM.RR HH24:MI'),5);
INSERT INTO verkauf VALUES (7832, to_date('11.09.12 14:06', 'DD.MM.RR HH24:MI'),7);
INSERT INTO verkauf VALUES (7833, to_date('11.09.12 16:35', 'DD.MM.RR HH24:MI'),0);
INSERT INTO verkauf VALUES (7834, to_date('11.09.12 17:40', 'DD.MM.RR HH24:MI'),0);
INSERT INTO verkauf VALUES (7835, to_date('11.09.12 17:40', 'DD.MM.RR HH24:MI'),1);
INSERT INTO verkauf VALUES (7836, to_date('11.09.12 17:51', 'DD.MM.RR HH24:MI'),2);
INSERT INTO verkauf VALUES (7837, to_date('11.09.12 18:29', 'DD.MM.RR HH24:MI'),0);
INSERT INTO verkauf VALUES (7838, to_date('12.09.12 07:18', 'DD.MM.RR HH24:MI'),2);
INSERT INTO verkauf VALUES (7839, to_date('12.09.12 07:31', 'DD.MM.RR HH24:MI'),1);
INSERT INTO verkauf VALUES (7840, to_date('12.09.12 08:05', 'DD.MM.RR HH24:MI'),0);
INSERT INTO verkauf VALUES (7841, to_date('12.09.12 08:06', 'DD.MM.RR HH24:MI'),0);
INSERT INTO verkauf VALUES (7842, to_date('12.09.12 08:07', 'DD.MM.RR HH24:MI'),0);
INSERT INTO verkauf VALUES (7843, to_date('12.09.12 08:07', 'DD.MM.RR HH24:MI'),0);
INSERT INTO verkauf VALUES (7844, to_date('12.09.12 08:40', 'DD.MM.RR HH24:MI'),5);
INSERT INTO verkauf VALUES (7845, to_date('12.09.12 08:55', 'DD.MM.RR HH24:MI'),0);
INSERT INTO verkauf VALUES (7846, to_date('12.09.12 10:41', 'DD.MM.RR HH24:MI'),1);
INSERT INTO verkauf VALUES (7847, to_date('12.09.12 11:38', 'DD.MM.RR HH24:MI'),6);
INSERT INTO verkauf VALUES (7848, to_date('12.09.12 11:56', 'DD.MM.RR HH24:MI'),6);
INSERT INTO verkauf VALUES (7849, to_date('12.09.12 13:02', 'DD.MM.RR HH24:MI'),2);
INSERT INTO verkauf VALUES (7850, to_date('12.09.12 13:06', 'DD.MM.RR HH24:MI'),2);
INSERT INTO verkauf VALUES (7851, to_date('12.09.12 13:45', 'DD.MM.RR HH24:MI'),0);
INSERT INTO verkauf VALUES (7852, to_date('12.09.12 13:47', 'DD.MM.RR HH24:MI'),9);
INSERT INTO verkauf VALUES (7853, to_date('12.09.12 17:18', 'DD.MM.RR HH24:MI'),0);
INSERT INTO verkauf VALUES (7854, to_date('12.09.12 18:20', 'DD.MM.RR HH24:MI'),0);
INSERT INTO verkauf VALUES (7855, to_date('12.09.12 18:20', 'DD.MM.RR HH24:MI'),9);
INSERT INTO verkauf VALUES (7856, to_date('12.09.12 18:39', 'DD.MM.RR HH24:MI'),1);
INSERT INTO verkauf VALUES (7857, to_date('12.09.12 18:54', 'DD.MM.RR HH24:MI'),2);
INSERT INTO verkauf VALUES (7858, to_date('12.09.12 19:11', 'DD.MM.RR HH24:MI'),0);
INSERT INTO verkauf VALUES (7859, to_date('13.09.12 08:01', 'DD.MM.RR HH24:MI'),4);
INSERT INTO verkauf VALUES (7860, to_date('13.09.12 08:24', 'DD.MM.RR HH24:MI'),1);
INSERT INTO verkauf VALUES (7861, to_date('13.09.12 08:24', 'DD.MM.RR HH24:MI'),1);
INSERT INTO verkauf VALUES (7862, to_date('13.09.12 08:21', 'DD.MM.RR HH24:MI'),6);
INSERT INTO verkauf VALUES (7863, to_date('13.09.12 08:38', 'DD.MM.RR HH24:MI'),6);
INSERT INTO verkauf VALUES (7864, to_date('13.09.12 19:08', 'DD.MM.RR HH24:MI'),7);
INSERT INTO verkauf VALUES (7865, to_date('13.09.12 20:09', 'DD.MM.RR HH24:MI'),4);
INSERT INTO verkauf VALUES (7866, to_date('14.09.12 13:16', 'DD.MM.RR HH24:MI'),4);
INSERT INTO verkauf VALUES (7867, to_date('14.09.12 13:19', 'DD.MM.RR HH24:MI'),6);
INSERT INTO verkauf VALUES (7868, to_date('14.09.12 13:37', 'DD.MM.RR HH24:MI'),5);
INSERT INTO verkauf VALUES (7869, to_date('14.09.12 13:44', 'DD.MM.RR HH24:MI'),0);
INSERT INTO verkauf VALUES (7870, to_date('14.09.12 13:45', 'DD.MM.RR HH24:MI'),7);
INSERT INTO verkauf VALUES (7871, to_date('14.09.12 14:51', 'DD.MM.RR HH24:MI'),2);
INSERT INTO verkauf VALUES (7872, to_date('15.09.12 09:04', 'DD.MM.RR HH24:MI'),8);
INSERT INTO verkauf VALUES (7873, to_date('15.09.12 09:23', 'DD.MM.RR HH24:MI'),7);
INSERT INTO verkauf VALUES (7874, to_date('15.09.12 11:15', 'DD.MM.RR HH24:MI'),8);
INSERT INTO verkauf VALUES (7875, to_date('15.09.12 19:46', 'DD.MM.RR HH24:MI'),4);
INSERT INTO verkauf VALUES (7876, to_date('15.09.12 19:51', 'DD.MM.RR HH24:MI'),5);
INSERT INTO verkauf VALUES (7877, to_date('16.09.12 08:01', 'DD.MM.RR HH24:MI'),1);
INSERT INTO verkauf VALUES (7878, to_date('16.09.12 09:46', 'DD.MM.RR HH24:MI'),5);
INSERT INTO verkauf VALUES (7879, to_date('16.09.12 11:51', 'DD.MM.RR HH24:MI'),3);
INSERT INTO verkauf VALUES (7880, to_date('16.09.12 12:49', 'DD.MM.RR HH24:MI'),0);
INSERT INTO verkauf VALUES (7881, to_date('16.09.12 12:47', 'DD.MM.RR HH24:MI'),1);
INSERT INTO verkauf VALUES (7882, to_date('16.09.12 12:50', 'DD.MM.RR HH24:MI'),4);
INSERT INTO verkauf VALUES (7883, to_date('16.09.12 15:53', 'DD.MM.RR HH24:MI'),0);
INSERT INTO verkauf VALUES (7884, to_date('16.09.12 18:54', 'DD.MM.RR HH24:MI'),2);
INSERT INTO verkauf VALUES (7885, to_date('16.09.12 19:00', 'DD.MM.RR HH24:MI'),6);
INSERT INTO verkauf VALUES (7886, to_date('17.09.12 09:02', 'DD.MM.RR HH24:MI'),1);
INSERT INTO verkauf VALUES (7887, to_date('17.09.12 09:16', 'DD.MM.RR HH24:MI'),0);
INSERT INTO verkauf VALUES (7888, to_date('17.09.12 11:20', 'DD.MM.RR HH24:MI'),2);
INSERT INTO verkauf VALUES (7889, to_date('17.09.12 12:22', 'DD.MM.RR HH24:MI'),1);
INSERT INTO verkauf VALUES (7890, to_date('17.09.12 13:54', 'DD.MM.RR HH24:MI'),4);
INSERT INTO verkauf VALUES (7891, to_date('17.09.12 19:29', 'DD.MM.RR HH24:MI'),1);
INSERT INTO verkauf VALUES (7892, to_date('18.09.12 10:35', 'DD.MM.RR HH24:MI'),6);
INSERT INTO verkauf VALUES (7893, to_date('18.09.12 11:21', 'DD.MM.RR HH24:MI'),1);
INSERT INTO verkauf VALUES (7894, to_date('18.09.12 18:45', 'DD.MM.RR HH24:MI'),4);
INSERT INTO verkauf VALUES (7895, to_date('19.09.12 07:54', 'DD.MM.RR HH24:MI'),8);
INSERT INTO verkauf VALUES (7896, to_date('19.09.12 08:30', 'DD.MM.RR HH24:MI'),6);
INSERT INTO verkauf VALUES (7897, to_date('19.09.12 08:42', 'DD.MM.RR HH24:MI'),0);
INSERT INTO verkauf VALUES (7898, to_date('19.09.12 08:43', 'DD.MM.RR HH24:MI'),0);
INSERT INTO verkauf VALUES (7899, to_date('19.09.12 08:43', 'DD.MM.RR HH24:MI'),5);
INSERT INTO verkauf VALUES (7900, to_date('19.09.12 08:59', 'DD.MM.RR HH24:MI'),0);
INSERT INTO verkauf VALUES (7901, to_date('19.09.12 08:59', 'DD.MM.RR HH24:MI'),6);
INSERT INTO verkauf VALUES (7902, to_date('19.09.12 18:14', 'DD.MM.RR HH24:MI'),0);
INSERT INTO verkauf VALUES (7903, to_date('19.09.12 18:45', 'DD.MM.RR HH24:MI'),2);
INSERT INTO verkauf VALUES (7904, to_date('19.09.12 21:23', 'DD.MM.RR HH24:MI'),7);
INSERT INTO verkauf VALUES (7905, to_date('20.09.12 09:48', 'DD.MM.RR HH24:MI'),2);
INSERT INTO verkauf VALUES (7906, to_date('20.09.12 11:41', 'DD.MM.RR HH24:MI'),0);
INSERT INTO verkauf VALUES (7907, to_date('20.09.12 13:04', 'DD.MM.RR HH24:MI'),5);
INSERT INTO verkauf VALUES (7908, to_date('20.09.12 18:12', 'DD.MM.RR HH24:MI'),0);
INSERT INTO verkauf VALUES (7909, to_date('20.09.12 19:01', 'DD.MM.RR HH24:MI'),0);
INSERT INTO verkauf VALUES (7910, to_date('21.09.12 20:10', 'DD.MM.RR HH24:MI'),5);
INSERT INTO verkauf VALUES (7911, to_date('22.09.12 09:49', 'DD.MM.RR HH24:MI'),3);
INSERT INTO verkauf VALUES (7912, to_date('22.09.12 10:22', 'DD.MM.RR HH24:MI'),9);
INSERT INTO verkauf VALUES (7913, to_date('22.09.12 11:06', 'DD.MM.RR HH24:MI'),3);
INSERT INTO verkauf VALUES (7914, to_date('22.09.12 12:40', 'DD.MM.RR HH24:MI'),1);
INSERT INTO verkauf VALUES (7915, to_date('22.09.12 10:25', 'DD.MM.RR HH24:MI'),4);
INSERT INTO verkauf VALUES (7916, to_date('22.09.12 20:03', 'DD.MM.RR HH24:MI'),2);
INSERT INTO verkauf VALUES (7917, to_date('23.09.12 08:56', 'DD.MM.RR HH24:MI'),1);
INSERT INTO verkauf VALUES (7918, to_date('23.09.12 09:36', 'DD.MM.RR HH24:MI'),5);
INSERT INTO verkauf VALUES (7919, to_date('23.09.12 13:06', 'DD.MM.RR HH24:MI'),8);
INSERT INTO verkauf VALUES (7920, to_date('23.09.12 13:54', 'DD.MM.RR HH24:MI'),7);
INSERT INTO verkauf VALUES (7921, to_date('23.09.12 14:50', 'DD.MM.RR HH24:MI'),0);
INSERT INTO verkauf VALUES (7922, to_date('23.09.12 15:05', 'DD.MM.RR HH24:MI'),1);
INSERT INTO verkauf VALUES (7923, to_date('23.09.12 15:22', 'DD.MM.RR HH24:MI'),0);
INSERT INTO verkauf VALUES (7924, to_date('23.09.12 19:57', 'DD.MM.RR HH24:MI'),6);
INSERT INTO verkauf VALUES (7925, to_date('24.09.12 09:16', 'DD.MM.RR HH24:MI'),5);
INSERT INTO verkauf VALUES (7926, to_date('24.09.12 09:44', 'DD.MM.RR HH24:MI'),0);
INSERT INTO verkauf VALUES (7927, to_date('24.09.12 11:23', 'DD.MM.RR HH24:MI'),4);
INSERT INTO verkauf VALUES (7928, to_date('24.09.12 11:28', 'DD.MM.RR HH24:MI'),1);
INSERT INTO verkauf VALUES (7929, to_date('24.09.12 13:52', 'DD.MM.RR HH24:MI'),4);
INSERT INTO verkauf VALUES (7930, to_date('24.09.12 15:32', 'DD.MM.RR HH24:MI'),6);
INSERT INTO verkauf VALUES (7931, to_date('24.09.12 18:59', 'DD.MM.RR HH24:MI'),1);
INSERT INTO verkauf VALUES (7932, to_date('24.09.12 20:07', 'DD.MM.RR HH24:MI'),0);
INSERT INTO verkauf VALUES (7933, to_date('24.09.12 21:53', 'DD.MM.RR HH24:MI'),7);
INSERT INTO verkauf VALUES (7934, to_date('25.09.12 08:06', 'DD.MM.RR HH24:MI'),0);
INSERT INTO verkauf VALUES (7935, to_date('25.09.12 13:58', 'DD.MM.RR HH24:MI'),5);
INSERT INTO verkauf VALUES (7936, to_date('25.09.12 16:13', 'DD.MM.RR HH24:MI'),0);
INSERT INTO verkauf VALUES (7937, to_date('25.09.12 17:24', 'DD.MM.RR HH24:MI'),7);
INSERT INTO verkauf VALUES (7938, to_date('25.09.12 17:52', 'DD.MM.RR HH24:MI'),7);
INSERT INTO verkauf VALUES (7939, to_date('25.09.12 18:01', 'DD.MM.RR HH24:MI'),3);
INSERT INTO verkauf VALUES (7940, to_date('25.09.12 22:38', 'DD.MM.RR HH24:MI'),1);
INSERT INTO verkauf VALUES (7941, to_date('26.09.12 10:00', 'DD.MM.RR HH24:MI'),0);
INSERT INTO verkauf VALUES (7942, to_date('26.09.12 11:01', 'DD.MM.RR HH24:MI'),3);
INSERT INTO verkauf VALUES (7943, to_date('26.09.12 11:09', 'DD.MM.RR HH24:MI'),1);
INSERT INTO verkauf VALUES (7944, to_date('26.09.12 11:14', 'DD.MM.RR HH24:MI'),0);
INSERT INTO verkauf VALUES (7945, to_date('26.09.12 11:41', 'DD.MM.RR HH24:MI'),0);
INSERT INTO verkauf VALUES (7946, to_date('26.09.12 12:27', 'DD.MM.RR HH24:MI'),2);
INSERT INTO verkauf VALUES (7947, to_date('26.09.12 13:47', 'DD.MM.RR HH24:MI'),0);
INSERT INTO verkauf VALUES (7948, to_date('26.09.12 15:05', 'DD.MM.RR HH24:MI'),4);
INSERT INTO verkauf VALUES (7949, to_date('26.09.12 15:17', 'DD.MM.RR HH24:MI'),9);
INSERT INTO verkauf VALUES (7950, to_date('26.09.12 15:45', 'DD.MM.RR HH24:MI'),9);
INSERT INTO verkauf VALUES (7951, to_date('26.09.12 17:39', 'DD.MM.RR HH24:MI'),2);
INSERT INTO verkauf VALUES (7952, to_date('26.09.12 18:14', 'DD.MM.RR HH24:MI'),0);
INSERT INTO verkauf VALUES (7953, to_date('26.09.12 19:26', 'DD.MM.RR HH24:MI'),0);
INSERT INTO verkauf VALUES (7954, to_date('26.09.12 19:47', 'DD.MM.RR HH24:MI'),4);
INSERT INTO verkauf VALUES (7955, to_date('26.09.12 20:13', 'DD.MM.RR HH24:MI'),0);
INSERT INTO verkauf VALUES (7956, to_date('27.09.12 08:28', 'DD.MM.RR HH24:MI'),4);
INSERT INTO verkauf VALUES (7957, to_date('27.09.12 08:35', 'DD.MM.RR HH24:MI'),4);
INSERT INTO verkauf VALUES (7958, to_date('27.09.12 13:49', 'DD.MM.RR HH24:MI'),2);
INSERT INTO verkauf VALUES (7959, to_date('27.09.12 15:06', 'DD.MM.RR HH24:MI'),0);
INSERT INTO verkauf VALUES (7960, to_date('27.09.12 15:01', 'DD.MM.RR HH24:MI'),4);
INSERT INTO verkauf VALUES (7961, to_date('27.09.12 17:28', 'DD.MM.RR HH24:MI'),1);
INSERT INTO verkauf VALUES (7962, to_date('27.09.12 17:55', 'DD.MM.RR HH24:MI'),7);
INSERT INTO verkauf VALUES (7963, to_date('27.09.12 18:26', 'DD.MM.RR HH24:MI'),2);
INSERT INTO verkauf VALUES (7964, to_date('27.09.12 21:07', 'DD.MM.RR HH24:MI'),0);
INSERT INTO verkauf VALUES (7965, to_date('27.09.12 21:07', 'DD.MM.RR HH24:MI'),0);
INSERT INTO verkauf VALUES (7966, to_date('27.09.12 21:44', 'DD.MM.RR HH24:MI'),2);
INSERT INTO verkauf VALUES (7967, to_date('28.09.12 09:21', 'DD.MM.RR HH24:MI'),4);
INSERT INTO verkauf VALUES (7968, to_date('28.09.12 10:32', 'DD.MM.RR HH24:MI'),6);
INSERT INTO verkauf VALUES (7969, to_date('28.09.12 10:42', 'DD.MM.RR HH24:MI'),5);
INSERT INTO verkauf VALUES (7970, to_date('28.09.12 17:29', 'DD.MM.RR HH24:MI'),3);
INSERT INTO verkauf VALUES (7971, to_date('28.09.12 18:30', 'DD.MM.RR HH24:MI'),0);
INSERT INTO verkauf VALUES (7972, to_date('28.09.12 18:42', 'DD.MM.RR HH24:MI'),7);
INSERT INTO verkauf VALUES (7973, to_date('29.09.12 12:27', 'DD.MM.RR HH24:MI'),4);
INSERT INTO verkauf VALUES (7974, to_date('29.09.12 14:07', 'DD.MM.RR HH24:MI'),5);
INSERT INTO verkauf VALUES (7975, to_date('29.09.12 14:12', 'DD.MM.RR HH24:MI'),0);
INSERT INTO verkauf VALUES (7976, to_date('29.09.12 20:57', 'DD.MM.RR HH24:MI'),0);
INSERT INTO verkauf VALUES (7977, to_date('29.09.12 20:56', 'DD.MM.RR HH24:MI'),9);
INSERT INTO verkauf VALUES (7978, to_date('29.09.12 21:20', 'DD.MM.RR HH24:MI'),0);
INSERT INTO verkauf VALUES (7979, to_date('29.09.12 21:34', 'DD.MM.RR HH24:MI'),2);
INSERT INTO verkauf VALUES (7980, to_date('30.09.12 08:30', 'DD.MM.RR HH24:MI'),7);
INSERT INTO verkauf VALUES (7981, to_date('30.09.12 08:58', 'DD.MM.RR HH24:MI'),0);
INSERT INTO verkauf VALUES (7982, to_date('30.09.12 10:17', 'DD.MM.RR HH24:MI'),0);
INSERT INTO verkauf VALUES (7983, to_date('30.09.12 12:07', 'DD.MM.RR HH24:MI'),2);
INSERT INTO verkauf VALUES (7984, to_date('30.09.12 13:48', 'DD.MM.RR HH24:MI'),0);
INSERT INTO verkauf VALUES (7985, to_date('30.09.12 14:41', 'DD.MM.RR HH24:MI'),3);
INSERT INTO verkauf VALUES (7986, to_date('30.09.12 17:16', 'DD.MM.RR HH24:MI'),0);
INSERT INTO verkauf VALUES (7987, to_date('30.09.12 18:27', 'DD.MM.RR HH24:MI'),3);
INSERT INTO verkauf VALUES (7988, to_date('30.09.12 18:34', 'DD.MM.RR HH24:MI'),0);
INSERT INTO verkauf VALUES (7989, to_date('01.10.12 08:17', 'DD.MM.RR HH24:MI'),1);
INSERT INTO verkauf VALUES (7990, to_date('01.10.12 09:14', 'DD.MM.RR HH24:MI'),1);
INSERT INTO verkauf VALUES (7991, to_date('01.10.12 10:21', 'DD.MM.RR HH24:MI'),2);
INSERT INTO verkauf VALUES (7992, to_date('01.10.12 10:51', 'DD.MM.RR HH24:MI'),1);
INSERT INTO verkauf VALUES (7993, to_date('01.10.12 13:09', 'DD.MM.RR HH24:MI'),0);
INSERT INTO verkauf VALUES (7994, to_date('01.10.12 13:53', 'DD.MM.RR HH24:MI'),1);
INSERT INTO verkauf VALUES (7995, to_date('01.10.12 14:09', 'DD.MM.RR HH24:MI'),0);
INSERT INTO verkauf VALUES (7996, to_date('01.10.12 14:03', 'DD.MM.RR HH24:MI'),7);
INSERT INTO verkauf VALUES (7997, to_date('01.10.12 14:53', 'DD.MM.RR HH24:MI'),4);
INSERT INTO verkauf VALUES (7998, to_date('01.10.12 15:39', 'DD.MM.RR HH24:MI'),0);
INSERT INTO verkauf VALUES (7999, to_date('01.10.12 18:08', 'DD.MM.RR HH24:MI'),0);
INSERT INTO verkauf VALUES (8000, to_date('01.10.12 18:08', 'DD.MM.RR HH24:MI'),1);
INSERT INTO verkauf VALUES (8001, to_date('01.10.12 21:16', 'DD.MM.RR HH24:MI'),2);
INSERT INTO verkauf VALUES (8002, to_date('02.10.12 11:02', 'DD.MM.RR HH24:MI'),4);
INSERT INTO verkauf VALUES (8003, to_date('02.10.12 12:13', 'DD.MM.RR HH24:MI'),1);
INSERT INTO verkauf VALUES (8004, to_date('02.10.12 13:20', 'DD.MM.RR HH24:MI'),3);
INSERT INTO verkauf VALUES (8005, to_date('02.10.12 21:13', 'DD.MM.RR HH24:MI'),3);
INSERT INTO verkauf VALUES (8006, to_date('06.10.12 16:36', 'DD.MM.RR HH24:MI'),0);
INSERT INTO verkauf VALUES (8007, to_date('06.10.12 20:00', 'DD.MM.RR HH24:MI'),2);
INSERT INTO verkauf VALUES (8008, to_date('06.10.12 20:07', 'DD.MM.RR HH24:MI'),1);
INSERT INTO verkauf VALUES (8009, to_date('06.10.12 21:45', 'DD.MM.RR HH24:MI'),8);
INSERT INTO verkauf VALUES (8010, to_date('07.10.12 10:27', 'DD.MM.RR HH24:MI'),2);
INSERT INTO verkauf VALUES (8011, to_date('07.10.12 11:58', 'DD.MM.RR HH24:MI'),5);
INSERT INTO verkauf VALUES (8012, to_date('07.10.12 14:21', 'DD.MM.RR HH24:MI'),0);
INSERT INTO verkauf VALUES (8013, to_date('07.10.12 17:31', 'DD.MM.RR HH24:MI'),0);
INSERT INTO verkauf VALUES (8014, to_date('07.10.12 17:43', 'DD.MM.RR HH24:MI'),1);
INSERT INTO verkauf VALUES (8015, to_date('07.10.12 18:02', 'DD.MM.RR HH24:MI'),0);
INSERT INTO verkauf VALUES (8016, to_date('08.10.12 12:38', 'DD.MM.RR HH24:MI'),1);
INSERT INTO verkauf VALUES (8017, to_date('08.10.12 13:32', 'DD.MM.RR HH24:MI'),2);
INSERT INTO verkauf VALUES (8018, to_date('08.10.12 18:10', 'DD.MM.RR HH24:MI'),0);
INSERT INTO verkauf VALUES (8019, to_date('09.10.12 15:17', 'DD.MM.RR HH24:MI'),0);
INSERT INTO verkauf VALUES (8020, to_date('09.10.12 15:18', 'DD.MM.RR HH24:MI'),0);
INSERT INTO verkauf VALUES (8021, to_date('09.10.12 19:18', 'DD.MM.RR HH24:MI'),3);
INSERT INTO verkauf VALUES (8022, to_date('09.10.12 20:32', 'DD.MM.RR HH24:MI'),0);
INSERT INTO verkauf VALUES (8023, to_date('09.10.12 20:43', 'DD.MM.RR HH24:MI'),6);
INSERT INTO verkauf VALUES (8024, to_date('10.10.12 13:52', 'DD.MM.RR HH24:MI'),1);
INSERT INTO verkauf VALUES (8025, to_date('10.10.12 14:05', 'DD.MM.RR HH24:MI'),0);
INSERT INTO verkauf VALUES (8026, to_date('10.10.12 14:26', 'DD.MM.RR HH24:MI'),1);
INSERT INTO verkauf VALUES (8027, to_date('10.10.12 14:32', 'DD.MM.RR HH24:MI'),2);
INSERT INTO verkauf VALUES (8028, to_date('10.10.12 20:16', 'DD.MM.RR HH24:MI'),4);
INSERT INTO verkauf VALUES (8029, to_date('10.10.12 20:22', 'DD.MM.RR HH24:MI'),6);
INSERT INTO verkauf VALUES (8030, to_date('11.10.12 09:07', 'DD.MM.RR HH24:MI'),5);
INSERT INTO verkauf VALUES (8031, to_date('11.10.12 15:15', 'DD.MM.RR HH24:MI'),0);
INSERT INTO verkauf VALUES (8032, to_date('11.10.12 15:19', 'DD.MM.RR HH24:MI'),2);
INSERT INTO verkauf VALUES (8033, to_date('11.10.12 17:44', 'DD.MM.RR HH24:MI'),1);
INSERT INTO verkauf VALUES (8034, to_date('11.10.12 18:10', 'DD.MM.RR HH24:MI'),0);
INSERT INTO verkauf VALUES (8035, to_date('11.10.12 18:08', 'DD.MM.RR HH24:MI'),5);
INSERT INTO verkauf VALUES (8036, to_date('12.10.12 09:25', 'DD.MM.RR HH24:MI'),3);
INSERT INTO verkauf VALUES (8037, to_date('12.10.12 11:03', 'DD.MM.RR HH24:MI'),0);
INSERT INTO verkauf VALUES (8038, to_date('12.10.12 11:26', 'DD.MM.RR HH24:MI'),0);
INSERT INTO verkauf VALUES (8039, to_date('12.10.12 16:11', 'DD.MM.RR HH24:MI'),0);
INSERT INTO verkauf VALUES (8040, to_date('12.10.12 16:11', 'DD.MM.RR HH24:MI'),0);
INSERT INTO verkauf VALUES (8041, to_date('12.10.12 17:09', 'DD.MM.RR HH24:MI'),0);
INSERT INTO verkauf VALUES (8042, to_date('12.10.12 18:06', 'DD.MM.RR HH24:MI'),3);
INSERT INTO verkauf VALUES (8043, to_date('12.10.12 18:47', 'DD.MM.RR HH24:MI'),1);
INSERT INTO verkauf VALUES (8044, to_date('13.10.12 09:15', 'DD.MM.RR HH24:MI'),2);
INSERT INTO verkauf VALUES (8045, to_date('13.10.12 09:43', 'DD.MM.RR HH24:MI'),6);
INSERT INTO verkauf VALUES (8046, to_date('13.10.12 11:02', 'DD.MM.RR HH24:MI'),7);
INSERT INTO verkauf VALUES (8047, to_date('14.10.12 13:10', 'DD.MM.RR HH24:MI'),3);
INSERT INTO verkauf VALUES (8048, to_date('14.10.12 18:14', 'DD.MM.RR HH24:MI'),1);
INSERT INTO verkauf VALUES (8049, to_date('15.10.12 08:54', 'DD.MM.RR HH24:MI'),1);
INSERT INTO verkauf VALUES (8050, to_date('15.10.12 08:56', 'DD.MM.RR HH24:MI'),0);
INSERT INTO verkauf VALUES (8051, to_date('15.10.12 11:16', 'DD.MM.RR HH24:MI'),5);
INSERT INTO verkauf VALUES (8052, to_date('15.10.12 11:22', 'DD.MM.RR HH24:MI'),6);
INSERT INTO verkauf VALUES (8053, to_date('15.10.12 12:41', 'DD.MM.RR HH24:MI'),0);
INSERT INTO verkauf VALUES (8054, to_date('15.10.12 18:05', 'DD.MM.RR HH24:MI'),2);
INSERT INTO verkauf VALUES (8055, to_date('16.10.12 09:25', 'DD.MM.RR HH24:MI'),7);
INSERT INTO verkauf VALUES (8056, to_date('16.10.12 11:08', 'DD.MM.RR HH24:MI'),1);
INSERT INTO verkauf VALUES (8057, to_date('16.10.12 21:40', 'DD.MM.RR HH24:MI'),1);
INSERT INTO verkauf VALUES (8058, to_date('17.10.12 10:13', 'DD.MM.RR HH24:MI'),8);
INSERT INTO verkauf VALUES (8059, to_date('17.10.12 12:58', 'DD.MM.RR HH24:MI'),3);
INSERT INTO verkauf VALUES (8060, to_date('17.10.12 14:28', 'DD.MM.RR HH24:MI'),0);
INSERT INTO verkauf VALUES (8061, to_date('18.10.12 10:38', 'DD.MM.RR HH24:MI'),0);
INSERT INTO verkauf VALUES (8062, to_date('21.10.12 09:10', 'DD.MM.RR HH24:MI'),7);
INSERT INTO verkauf VALUES (8063, to_date('21.10.12 12:44', 'DD.MM.RR HH24:MI'),2);
INSERT INTO verkauf VALUES (8064, to_date('21.10.12 14:06', 'DD.MM.RR HH24:MI'),8);
INSERT INTO verkauf VALUES (8065, to_date('21.10.12 14:59', 'DD.MM.RR HH24:MI'),1);
INSERT INTO verkauf VALUES (8066, to_date('21.10.12 15:03', 'DD.MM.RR HH24:MI'),3);
INSERT INTO verkauf VALUES (8067, to_date('21.10.12 16:53', 'DD.MM.RR HH24:MI'),5);
INSERT INTO verkauf VALUES (8068, to_date('21.10.12 16:58', 'DD.MM.RR HH24:MI'),2);
INSERT INTO verkauf VALUES (8069, to_date('21.10.12 17:32', 'DD.MM.RR HH24:MI'),0);
INSERT INTO verkauf VALUES (8070, to_date('21.10.12 17:49', 'DD.MM.RR HH24:MI'),0);
INSERT INTO verkauf VALUES (8071, to_date('21.10.12 18:11', 'DD.MM.RR HH24:MI'),2);
INSERT INTO verkauf VALUES (8072, to_date('22.10.12 09:23', 'DD.MM.RR HH24:MI'),0);
INSERT INTO verkauf VALUES (8073, to_date('22.10.12 09:56', 'DD.MM.RR HH24:MI'),0);
INSERT INTO verkauf VALUES (8074, to_date('22.10.12 10:19', 'DD.MM.RR HH24:MI'),1);
INSERT INTO verkauf VALUES (8075, to_date('22.10.12 11:09', 'DD.MM.RR HH24:MI'),1);
INSERT INTO verkauf VALUES (8076, to_date('22.10.12 11:17', 'DD.MM.RR HH24:MI'),8);
INSERT INTO verkauf VALUES (8077, to_date('22.10.12 12:12', 'DD.MM.RR HH24:MI'),5);
INSERT INTO verkauf VALUES (8078, to_date('22.10.12 12:20', 'DD.MM.RR HH24:MI'),0);
INSERT INTO verkauf VALUES (8079, to_date('22.10.12 16:56', 'DD.MM.RR HH24:MI'),4);
INSERT INTO verkauf VALUES (8080, to_date('22.10.12 17:14', 'DD.MM.RR HH24:MI'),0);
INSERT INTO verkauf VALUES (8081, to_date('23.10.12 08:39', 'DD.MM.RR HH24:MI'),0);
INSERT INTO verkauf VALUES (8082, to_date('23.10.12 09:29', 'DD.MM.RR HH24:MI'),0);
INSERT INTO verkauf VALUES (8083, to_date('23.10.12 09:31', 'DD.MM.RR HH24:MI'),3);
INSERT INTO verkauf VALUES (8084, to_date('23.10.12 09:34', 'DD.MM.RR HH24:MI'),0);
INSERT INTO verkauf VALUES (8085, to_date('23.10.12 09:35', 'DD.MM.RR HH24:MI'),3);
INSERT INTO verkauf VALUES (8086, to_date('23.10.12 10:00', 'DD.MM.RR HH24:MI'),6);
INSERT INTO verkauf VALUES (8087, to_date('23.10.12 10:34', 'DD.MM.RR HH24:MI'),0);
INSERT INTO verkauf VALUES (8088, to_date('23.10.12 11:27', 'DD.MM.RR HH24:MI'),1);
INSERT INTO verkauf VALUES (8089, to_date('23.10.12 13:02', 'DD.MM.RR HH24:MI'),2);
INSERT INTO verkauf VALUES (8090, to_date('23.10.12 13:19', 'DD.MM.RR HH24:MI'),5);
INSERT INTO verkauf VALUES (8091, to_date('23.10.12 17:29', 'DD.MM.RR HH24:MI'),1);
INSERT INTO verkauf VALUES (8092, to_date('23.10.12 17:53', 'DD.MM.RR HH24:MI'),1);
INSERT INTO verkauf VALUES (8093, to_date('23.10.12 19:08', 'DD.MM.RR HH24:MI'),0);
INSERT INTO verkauf VALUES (8094, to_date('24.10.12 09:37', 'DD.MM.RR HH24:MI'),8);
INSERT INTO verkauf VALUES (8095, to_date('24.10.12 09:55', 'DD.MM.RR HH24:MI'),0);
INSERT INTO verkauf VALUES (8096, to_date('24.10.12 11:29', 'DD.MM.RR HH24:MI'),0);
INSERT INTO verkauf VALUES (8097, to_date('24.10.12 13:16', 'DD.MM.RR HH24:MI'),9);
INSERT INTO verkauf VALUES (8098, to_date('24.10.12 13:47', 'DD.MM.RR HH24:MI'),1);
INSERT INTO verkauf VALUES (8099, to_date('24.10.12 14:34', 'DD.MM.RR HH24:MI'),0);
INSERT INTO verkauf VALUES (8100, to_date('24.10.12 16:42', 'DD.MM.RR HH24:MI'),3);
INSERT INTO verkauf VALUES (8101, to_date('24.10.12 16:59', 'DD.MM.RR HH24:MI'),0);
INSERT INTO verkauf VALUES (8102, to_date('24.10.12 16:46', 'DD.MM.RR HH24:MI'),5);
INSERT INTO verkauf VALUES (8103, to_date('24.10.12 17:13', 'DD.MM.RR HH24:MI'),0);
INSERT INTO verkauf VALUES (8104, to_date('25.10.12 08:29', 'DD.MM.RR HH24:MI'),4);
INSERT INTO verkauf VALUES (8105, to_date('25.10.12 09:05', 'DD.MM.RR HH24:MI'),6);
INSERT INTO verkauf VALUES (8106, to_date('25.10.12 09:23', 'DD.MM.RR HH24:MI'),3);
INSERT INTO verkauf VALUES (8107, to_date('25.10.12 10:05', 'DD.MM.RR HH24:MI'),3);
INSERT INTO verkauf VALUES (8108, to_date('25.10.12 12:18', 'DD.MM.RR HH24:MI'),8);
INSERT INTO verkauf VALUES (8109, to_date('25.10.12 16:15', 'DD.MM.RR HH24:MI'),3);
INSERT INTO verkauf VALUES (8110, to_date('25.10.12 19:18', 'DD.MM.RR HH24:MI'),1);
INSERT INTO verkauf VALUES (8111, to_date('25.10.12 22:13', 'DD.MM.RR HH24:MI'),5);
INSERT INTO verkauf VALUES (8112, to_date('25.10.12 22:59', 'DD.MM.RR HH24:MI'),9);
INSERT INTO verkauf VALUES (8113, to_date('26.10.12 14:27', 'DD.MM.RR HH24:MI'),0);
INSERT INTO verkauf VALUES (8114, to_date('26.10.12 14:33', 'DD.MM.RR HH24:MI'),0);
INSERT INTO verkauf VALUES (8115, to_date('26.10.12 14:44', 'DD.MM.RR HH24:MI'),1);
INSERT INTO verkauf VALUES (8116, to_date('27.10.12 10:12', 'DD.MM.RR HH24:MI'),9);
INSERT INTO verkauf VALUES (8117, to_date('27.10.12 18:39', 'DD.MM.RR HH24:MI'),6);
INSERT INTO verkauf VALUES (8118, to_date('27.10.12 20:29', 'DD.MM.RR HH24:MI'),6);
INSERT INTO verkauf VALUES (8119, to_date('27.10.12 21:19', 'DD.MM.RR HH24:MI'),4);
INSERT INTO verkauf VALUES (8120, to_date('28.10.12 09:24', 'DD.MM.RR HH24:MI'),0);
INSERT INTO verkauf VALUES (8121, to_date('28.10.12 17:38', 'DD.MM.RR HH24:MI'),4);
INSERT INTO verkauf VALUES (8122, to_date('28.10.12 17:39', 'DD.MM.RR HH24:MI'),3);
INSERT INTO verkauf VALUES (8123, to_date('02.11.12 10:17', 'DD.MM.RR HH24:MI'),5);
INSERT INTO verkauf VALUES (8124, to_date('02.11.12 11:00', 'DD.MM.RR HH24:MI'),0);
INSERT INTO verkauf VALUES (8125, to_date('02.11.12 11:01', 'DD.MM.RR HH24:MI'),4);
INSERT INTO verkauf VALUES (8126, to_date('02.11.12 11:08', 'DD.MM.RR HH24:MI'),0);
INSERT INTO verkauf VALUES (8127, to_date('02.11.12 12:15', 'DD.MM.RR HH24:MI'),4);
INSERT INTO verkauf VALUES (8128, to_date('02.11.12 12:35', 'DD.MM.RR HH24:MI'),1);
INSERT INTO verkauf VALUES (8129, to_date('03.11.12 09:27', 'DD.MM.RR HH24:MI'),0);
INSERT INTO verkauf VALUES (8130, to_date('03.11.12 10:17', 'DD.MM.RR HH24:MI'),0);
INSERT INTO verkauf VALUES (8131, to_date('03.11.12 10:17', 'DD.MM.RR HH24:MI'),5);
INSERT INTO verkauf VALUES (8132, to_date('03.11.12 14:18', 'DD.MM.RR HH24:MI'),2);
INSERT INTO verkauf VALUES (8133, to_date('04.11.12 08:54', 'DD.MM.RR HH24:MI'),2);
INSERT INTO verkauf VALUES (8134, to_date('04.11.12 09:22', 'DD.MM.RR HH24:MI'),2);
INSERT INTO verkauf VALUES (8135, to_date('04.11.12 09:24', 'DD.MM.RR HH24:MI'),4);
INSERT INTO verkauf VALUES (8136, to_date('04.11.12 11:42', 'DD.MM.RR HH24:MI'),3);
INSERT INTO verkauf VALUES (8137, to_date('04.11.12 11:47', 'DD.MM.RR HH24:MI'),6);
INSERT INTO verkauf VALUES (8138, to_date('04.11.12 12:04', 'DD.MM.RR HH24:MI'),0);
INSERT INTO verkauf VALUES (8139, to_date('04.11.12 12:41', 'DD.MM.RR HH24:MI'),0);
INSERT INTO verkauf VALUES (8140, to_date('04.11.12 12:38', 'DD.MM.RR HH24:MI'),8);
INSERT INTO verkauf VALUES (8141, to_date('04.11.12 12:47', 'DD.MM.RR HH24:MI'),2);
INSERT INTO verkauf VALUES (8142, to_date('04.11.12 13:25', 'DD.MM.RR HH24:MI'),9);
INSERT INTO verkauf VALUES (8143, to_date('04.11.12 16:52', 'DD.MM.RR HH24:MI'),4);
INSERT INTO verkauf VALUES (8144, to_date('04.11.12 16:57', 'DD.MM.RR HH24:MI'),4);
INSERT INTO verkauf VALUES (8145, to_date('04.11.12 17:48', 'DD.MM.RR HH24:MI'),6);
INSERT INTO verkauf VALUES (8146, to_date('04.11.12 18:23', 'DD.MM.RR HH24:MI'),1);
INSERT INTO verkauf VALUES (8147, to_date('04.11.12 18:49', 'DD.MM.RR HH24:MI'),1);
INSERT INTO verkauf VALUES (8148, to_date('05.11.12 09:23', 'DD.MM.RR HH24:MI'),6);
INSERT INTO verkauf VALUES (8149, to_date('05.11.12 09:31', 'DD.MM.RR HH24:MI'),2);
INSERT INTO verkauf VALUES (8150, to_date('05.11.12 11:59', 'DD.MM.RR HH24:MI'),0);
INSERT INTO verkauf VALUES (8151, to_date('05.11.12 12:38', 'DD.MM.RR HH24:MI'),2);
INSERT INTO verkauf VALUES (8152, to_date('05.11.12 13:20', 'DD.MM.RR HH24:MI'),3);
INSERT INTO verkauf VALUES (8153, to_date('05.11.12 13:23', 'DD.MM.RR HH24:MI'),3);
INSERT INTO verkauf VALUES (8154, to_date('05.11.12 13:27', 'DD.MM.RR HH24:MI'),0);
INSERT INTO verkauf VALUES (8155, to_date('05.11.12 13:29', 'DD.MM.RR HH24:MI'),7);
INSERT INTO verkauf VALUES (8156, to_date('05.11.12 13:36', 'DD.MM.RR HH24:MI'),1);
INSERT INTO verkauf VALUES (8157, to_date('05.11.12 18:06', 'DD.MM.RR HH24:MI'),7);
INSERT INTO verkauf VALUES (8158, to_date('05.11.12 18:54', 'DD.MM.RR HH24:MI'),3);
INSERT INTO verkauf VALUES (8159, to_date('06.11.12 13:05', 'DD.MM.RR HH24:MI'),6);
INSERT INTO verkauf VALUES (8160, to_date('07.11.12 08:24', 'DD.MM.RR HH24:MI'),7);
INSERT INTO verkauf VALUES (8161, to_date('07.11.12 08:54', 'DD.MM.RR HH24:MI'),7);
INSERT INTO verkauf VALUES (8162, to_date('07.11.12 11:10', 'DD.MM.RR HH24:MI'),0);
INSERT INTO verkauf VALUES (8163, to_date('07.11.12 11:40', 'DD.MM.RR HH24:MI'),4);
INSERT INTO verkauf VALUES (8164, to_date('07.11.12 13:54', 'DD.MM.RR HH24:MI'),1);
INSERT INTO verkauf VALUES (8165, to_date('07.11.12 14:18', 'DD.MM.RR HH24:MI'),0);
INSERT INTO verkauf VALUES (8166, to_date('07.11.12 15:04', 'DD.MM.RR HH24:MI'),0);
INSERT INTO verkauf VALUES (8167, to_date('07.11.12 16:37', 'DD.MM.RR HH24:MI'),9);
INSERT INTO verkauf VALUES (8168, to_date('07.11.12 16:48', 'DD.MM.RR HH24:MI'),8);
INSERT INTO verkauf VALUES (8169, to_date('07.11.12 18:26', 'DD.MM.RR HH24:MI'),0);
INSERT INTO verkauf VALUES (8170, to_date('08.11.12 09:05', 'DD.MM.RR HH24:MI'),7);
INSERT INTO verkauf VALUES (8171, to_date('08.11.12 09:16', 'DD.MM.RR HH24:MI'),3);
INSERT INTO verkauf VALUES (8172, to_date('08.11.12 09:20', 'DD.MM.RR HH24:MI'),5);
INSERT INTO verkauf VALUES (8173, to_date('08.11.12 09:26', 'DD.MM.RR HH24:MI'),6);
INSERT INTO verkauf VALUES (8174, to_date('08.11.12 09:51', 'DD.MM.RR HH24:MI'),1);
INSERT INTO verkauf VALUES (8175, to_date('08.11.12 09:55', 'DD.MM.RR HH24:MI'),0);
INSERT INTO verkauf VALUES (8176, to_date('08.11.12 10:07', 'DD.MM.RR HH24:MI'),1);
INSERT INTO verkauf VALUES (8177, to_date('08.11.12 10:26', 'DD.MM.RR HH24:MI'),0);
INSERT INTO verkauf VALUES (8178, to_date('08.11.12 10:35', 'DD.MM.RR HH24:MI'),1);
INSERT INTO verkauf VALUES (8179, to_date('08.11.12 10:56', 'DD.MM.RR HH24:MI'),3);
INSERT INTO verkauf VALUES (8180, to_date('08.11.12 11:57', 'DD.MM.RR HH24:MI'),1);
INSERT INTO verkauf VALUES (8181, to_date('08.11.12 13:57', 'DD.MM.RR HH24:MI'),3);
INSERT INTO verkauf VALUES (8182, to_date('08.11.12 14:10', 'DD.MM.RR HH24:MI'),0);
INSERT INTO verkauf VALUES (8183, to_date('08.11.12 14:31', 'DD.MM.RR HH24:MI'),1);
INSERT INTO verkauf VALUES (8184, to_date('08.11.12 14:59', 'DD.MM.RR HH24:MI'),0);
INSERT INTO verkauf VALUES (8185, to_date('08.11.12 16:21', 'DD.MM.RR HH24:MI'),0);
INSERT INTO verkauf VALUES (8186, to_date('08.11.12 19:31', 'DD.MM.RR HH24:MI'),0);
INSERT INTO verkauf VALUES (8187, to_date('08.11.12 19:45', 'DD.MM.RR HH24:MI'),0);
INSERT INTO verkauf VALUES (8188, to_date('09.11.12 10:53', 'DD.MM.RR HH24:MI'),0);
INSERT INTO verkauf VALUES (8189, to_date('09.11.12 10:53', 'DD.MM.RR HH24:MI'),7);
INSERT INTO verkauf VALUES (8190, to_date('09.11.12 11:03', 'DD.MM.RR HH24:MI'),0);
INSERT INTO verkauf VALUES (8191, to_date('09.11.12 11:07', 'DD.MM.RR HH24:MI'),0);
INSERT INTO verkauf VALUES (8192, to_date('09.11.12 11:08', 'DD.MM.RR HH24:MI'),1);
INSERT INTO verkauf VALUES (8193, to_date('10.11.12 10:55', 'DD.MM.RR HH24:MI'),2);
INSERT INTO verkauf VALUES (8194, to_date('10.11.12 11:39', 'DD.MM.RR HH24:MI'),3);
INSERT INTO verkauf VALUES (8195, to_date('10.11.12 11:39', 'DD.MM.RR HH24:MI'),8);
INSERT INTO verkauf VALUES (8196, to_date('10.11.12 12:19', 'DD.MM.RR HH24:MI'),8);
INSERT INTO verkauf VALUES (8197, to_date('10.11.12 12:27', 'DD.MM.RR HH24:MI'),0);
INSERT INTO verkauf VALUES (8198, to_date('10.11.12 12:42', 'DD.MM.RR HH24:MI'),4);
INSERT INTO verkauf VALUES (8199, to_date('10.11.12 14:46', 'DD.MM.RR HH24:MI'),3);
INSERT INTO verkauf VALUES (8200, to_date('10.11.12 15:29', 'DD.MM.RR HH24:MI'),1);
INSERT INTO verkauf VALUES (8201, to_date('10.11.12 19:16', 'DD.MM.RR HH24:MI'),0);
INSERT INTO verkauf VALUES (8202, to_date('10.11.12 19:25', 'DD.MM.RR HH24:MI'),0);
INSERT INTO verkauf VALUES (8203, to_date('11.11.12 08:03', 'DD.MM.RR HH24:MI'),0);
INSERT INTO verkauf VALUES (8204, to_date('11.11.12 12:57', 'DD.MM.RR HH24:MI'),7);
INSERT INTO verkauf VALUES (8205, to_date('11.11.12 14:36', 'DD.MM.RR HH24:MI'),9);
INSERT INTO verkauf VALUES (8206, to_date('11.11.12 16:02', 'DD.MM.RR HH24:MI'),0);
INSERT INTO verkauf VALUES (8207, to_date('11.11.12 16:52', 'DD.MM.RR HH24:MI'),0);
INSERT INTO verkauf VALUES (8208, to_date('11.11.12 19:15', 'DD.MM.RR HH24:MI'),0);
INSERT INTO verkauf VALUES (8209, to_date('12.11.12 12:31', 'DD.MM.RR HH24:MI'),0);
INSERT INTO verkauf VALUES (8210, to_date('12.11.12 12:34', 'DD.MM.RR HH24:MI'),2);
INSERT INTO verkauf VALUES (8211, to_date('12.11.12 12:38', 'DD.MM.RR HH24:MI'),1);
INSERT INTO verkauf VALUES (8212, to_date('12.11.12 13:07', 'DD.MM.RR HH24:MI'),1);
INSERT INTO verkauf VALUES (8213, to_date('12.11.12 13:48', 'DD.MM.RR HH24:MI'),1);
INSERT INTO verkauf VALUES (8214, to_date('12.11.12 13:55', 'DD.MM.RR HH24:MI'),4);
INSERT INTO verkauf VALUES (8215, to_date('12.11.12 14:21', 'DD.MM.RR HH24:MI'),0);
INSERT INTO verkauf VALUES (8216, to_date('12.11.12 14:50', 'DD.MM.RR HH24:MI'),0);
INSERT INTO verkauf VALUES (8217, to_date('12.11.12 17:15', 'DD.MM.RR HH24:MI'),4);
INSERT INTO verkauf VALUES (8218, to_date('13.11.12 09:07', 'DD.MM.RR HH24:MI'),3);
INSERT INTO verkauf VALUES (8219, to_date('13.11.12 09:41', 'DD.MM.RR HH24:MI'),5);
INSERT INTO verkauf VALUES (8220, to_date('13.11.12 11:00', 'DD.MM.RR HH24:MI'),0);
INSERT INTO verkauf VALUES (8221, to_date('13.11.12 12:09', 'DD.MM.RR HH24:MI'),0);
INSERT INTO verkauf VALUES (8222, to_date('13.11.12 12:13', 'DD.MM.RR HH24:MI'),7);
INSERT INTO verkauf VALUES (8223, to_date('13.11.12 13:20', 'DD.MM.RR HH24:MI'),5);
INSERT INTO verkauf VALUES (8224, to_date('13.11.12 16:22', 'DD.MM.RR HH24:MI'),2);
INSERT INTO verkauf VALUES (8225, to_date('14.11.12 09:55', 'DD.MM.RR HH24:MI'),0);
INSERT INTO verkauf VALUES (8226, to_date('14.11.12 11:25', 'DD.MM.RR HH24:MI'),2);
INSERT INTO verkauf VALUES (8227, to_date('14.11.12 13:07', 'DD.MM.RR HH24:MI'),3);
INSERT INTO verkauf VALUES (8228, to_date('14.11.12 18:31', 'DD.MM.RR HH24:MI'),0);
INSERT INTO verkauf VALUES (8229, to_date('15.11.12 08:44', 'DD.MM.RR HH24:MI'),2);
INSERT INTO verkauf VALUES (8230, to_date('15.11.12 09:07', 'DD.MM.RR HH24:MI'),0);
INSERT INTO verkauf VALUES (8231, to_date('15.11.12 10:27', 'DD.MM.RR HH24:MI'),0);
INSERT INTO verkauf VALUES (8232, to_date('15.11.12 10:45', 'DD.MM.RR HH24:MI'),0);
INSERT INTO verkauf VALUES (8233, to_date('15.11.12 11:32', 'DD.MM.RR HH24:MI'),4);
INSERT INTO verkauf VALUES (8234, to_date('15.11.12 13:09', 'DD.MM.RR HH24:MI'),2);
INSERT INTO verkauf VALUES (8235, to_date('15.11.12 13:19', 'DD.MM.RR HH24:MI'),4);
INSERT INTO verkauf VALUES (8236, to_date('15.11.12 17:47', 'DD.MM.RR HH24:MI'),3);
INSERT INTO verkauf VALUES (8237, to_date('15.11.12 18:12', 'DD.MM.RR HH24:MI'),0);
INSERT INTO verkauf VALUES (8238, to_date('15.11.12 18:52', 'DD.MM.RR HH24:MI'),0);
INSERT INTO verkauf VALUES (8239, to_date('16.11.12 09:33', 'DD.MM.RR HH24:MI'),6);
INSERT INTO verkauf VALUES (8240, to_date('16.11.12 09:40', 'DD.MM.RR HH24:MI'),1);
INSERT INTO verkauf VALUES (8241, to_date('16.11.12 12:28', 'DD.MM.RR HH24:MI'),8);
INSERT INTO verkauf VALUES (8242, to_date('16.11.12 14:14', 'DD.MM.RR HH24:MI'),6);
INSERT INTO verkauf VALUES (8243, to_date('16.11.12 14:14', 'DD.MM.RR HH24:MI'),4);
INSERT INTO verkauf VALUES (8244, to_date('16.11.12 14:43', 'DD.MM.RR HH24:MI'),0);
INSERT INTO verkauf VALUES (8245, to_date('17.11.12 18:55', 'DD.MM.RR HH24:MI'),3);
INSERT INTO verkauf VALUES (8246, to_date('18.11.12 08:16', 'DD.MM.RR HH24:MI'),8);
INSERT INTO verkauf VALUES (8247, to_date('18.11.12 08:25', 'DD.MM.RR HH24:MI'),2);
INSERT INTO verkauf VALUES (8248, to_date('18.11.12 09:58', 'DD.MM.RR HH24:MI'),3);
INSERT INTO verkauf VALUES (8249, to_date('18.11.12 12:04', 'DD.MM.RR HH24:MI'),0);
INSERT INTO verkauf VALUES (8250, to_date('18.11.12 12:05', 'DD.MM.RR HH24:MI'),1);
INSERT INTO verkauf VALUES (8251, to_date('18.11.12 12:07', 'DD.MM.RR HH24:MI'),6);
INSERT INTO verkauf VALUES (8252, to_date('18.11.12 13:35', 'DD.MM.RR HH24:MI'),0);
INSERT INTO verkauf VALUES (8253, to_date('18.11.12 13:56', 'DD.MM.RR HH24:MI'),0);
INSERT INTO verkauf VALUES (8254, to_date('18.11.12 16:31', 'DD.MM.RR HH24:MI'),1);
INSERT INTO verkauf VALUES (8255, to_date('18.11.12 18:45', 'DD.MM.RR HH24:MI'),8);
INSERT INTO verkauf VALUES (8256, to_date('19.11.12 11:38', 'DD.MM.RR HH24:MI'),0);
INSERT INTO verkauf VALUES (8257, to_date('19.11.12 11:40', 'DD.MM.RR HH24:MI'),3);
INSERT INTO verkauf VALUES (8258, to_date('19.11.12 11:50', 'DD.MM.RR HH24:MI'),0);
INSERT INTO verkauf VALUES (8259, to_date('19.11.12 13:07', 'DD.MM.RR HH24:MI'),0);
INSERT INTO verkauf VALUES (8260, to_date('19.11.12 13:08', 'DD.MM.RR HH24:MI'),3);
INSERT INTO verkauf VALUES (8261, to_date('19.11.12 15:08', 'DD.MM.RR HH24:MI'),0);
INSERT INTO verkauf VALUES (8262, to_date('19.11.12 18:03', 'DD.MM.RR HH24:MI'),0);
INSERT INTO verkauf VALUES (8263, to_date('19.11.12 20:02', 'DD.MM.RR HH24:MI'),1);
INSERT INTO verkauf VALUES (8264, to_date('20.11.12 12:38', 'DD.MM.RR HH24:MI'),9);
INSERT INTO verkauf VALUES (8265, to_date('20.11.12 12:57', 'DD.MM.RR HH24:MI'),4);
INSERT INTO verkauf VALUES (8266, to_date('20.11.12 14:50', 'DD.MM.RR HH24:MI'),0);
INSERT INTO verkauf VALUES (8267, to_date('20.11.12 15:44', 'DD.MM.RR HH24:MI'),9);
INSERT INTO verkauf VALUES (8268, to_date('20.11.12 19:12', 'DD.MM.RR HH24:MI'),0);
INSERT INTO verkauf VALUES (8269, to_date('20.11.12 19:19', 'DD.MM.RR HH24:MI'),1);
INSERT INTO verkauf VALUES (8270, to_date('20.11.12 19:21', 'DD.MM.RR HH24:MI'),0);
INSERT INTO verkauf VALUES (8271, to_date('21.11.12 15:41', 'DD.MM.RR HH24:MI'),1);
INSERT INTO verkauf VALUES (8272, to_date('21.11.12 15:58', 'DD.MM.RR HH24:MI'),1);
INSERT INTO verkauf VALUES (8273, to_date('21.11.12 16:02', 'DD.MM.RR HH24:MI'),1);
INSERT INTO verkauf VALUES (8274, to_date('21.11.12 16:09', 'DD.MM.RR HH24:MI'),0);
INSERT INTO verkauf VALUES (8275, to_date('21.11.12 16:15', 'DD.MM.RR HH24:MI'),1);
INSERT INTO verkauf VALUES (8276, to_date('21.11.12 16:18', 'DD.MM.RR HH24:MI'),3);
INSERT INTO verkauf VALUES (8277, to_date('21.11.12 16:27', 'DD.MM.RR HH24:MI'),4);
INSERT INTO verkauf VALUES (8278, to_date('21.11.12 16:34', 'DD.MM.RR HH24:MI'),0);
INSERT INTO verkauf VALUES (8279, to_date('21.11.12 16:51', 'DD.MM.RR HH24:MI'),1);
INSERT INTO verkauf VALUES (8280, to_date('21.11.12 18:40', 'DD.MM.RR HH24:MI'),0);
INSERT INTO verkauf VALUES (8281, to_date('21.11.12 18:50', 'DD.MM.RR HH24:MI'),0);
INSERT INTO verkauf VALUES (8282, to_date('21.11.12 20:23', 'DD.MM.RR HH24:MI'),0);
INSERT INTO verkauf VALUES (8283, to_date('21.11.12 20:48', 'DD.MM.RR HH24:MI'),0);
INSERT INTO verkauf VALUES (8284, to_date('22.11.12 11:04', 'DD.MM.RR HH24:MI'),0);
INSERT INTO verkauf VALUES (8285, to_date('22.11.12 11:12', 'DD.MM.RR HH24:MI'),0);
INSERT INTO verkauf VALUES (8286, to_date('22.11.12 11:18', 'DD.MM.RR HH24:MI'),3);
INSERT INTO verkauf VALUES (8287, to_date('22.11.12 12:13', 'DD.MM.RR HH24:MI'),2);
INSERT INTO verkauf VALUES (8288, to_date('22.11.12 15:03', 'DD.MM.RR HH24:MI'),2);
INSERT INTO verkauf VALUES (8289, to_date('22.11.12 16:07', 'DD.MM.RR HH24:MI'),2);
INSERT INTO verkauf VALUES (8290, to_date('22.11.12 17:57', 'DD.MM.RR HH24:MI'),0);
INSERT INTO verkauf VALUES (8291, to_date('22.11.12 18:05', 'DD.MM.RR HH24:MI'),0);
INSERT INTO verkauf VALUES (8292, to_date('22.11.12 20:19', 'DD.MM.RR HH24:MI'),3);
INSERT INTO verkauf VALUES (8293, to_date('22.11.12 20:06', 'DD.MM.RR HH24:MI'),8);
INSERT INTO verkauf VALUES (8294, to_date('22.11.12 20:23', 'DD.MM.RR HH24:MI'),3);
INSERT INTO verkauf VALUES (8295, to_date('22.11.12 20:30', 'DD.MM.RR HH24:MI'),0);
INSERT INTO verkauf VALUES (8296, to_date('22.11.12 20:33', 'DD.MM.RR HH24:MI'),9);
INSERT INTO verkauf VALUES (8297, to_date('22.11.12 21:19', 'DD.MM.RR HH24:MI'),9);
INSERT INTO verkauf VALUES (8298, to_date('23.11.12 11:52', 'DD.MM.RR HH24:MI'),0);
INSERT INTO verkauf VALUES (8299, to_date('23.11.12 13:19', 'DD.MM.RR HH24:MI'),3);
INSERT INTO verkauf VALUES (8300, to_date('23.11.12 18:22', 'DD.MM.RR HH24:MI'),0);
INSERT INTO verkauf VALUES (8301, to_date('23.11.12 18:31', 'DD.MM.RR HH24:MI'),1);
INSERT INTO verkauf VALUES (8302, to_date('23.11.12 18:34', 'DD.MM.RR HH24:MI'),1);
INSERT INTO verkauf VALUES (8303, to_date('24.11.12 09:54', 'DD.MM.RR HH24:MI'),0);
INSERT INTO verkauf VALUES (8304, to_date('24.11.12 09:58', 'DD.MM.RR HH24:MI'),8);
INSERT INTO verkauf VALUES (8305, to_date('24.11.12 10:16', 'DD.MM.RR HH24:MI'),6);
INSERT INTO verkauf VALUES (8306, to_date('24.11.12 11:21', 'DD.MM.RR HH24:MI'),2);
INSERT INTO verkauf VALUES (8307, to_date('24.11.12 11:24', 'DD.MM.RR HH24:MI'),6);
INSERT INTO verkauf VALUES (8308, to_date('24.11.12 13:02', 'DD.MM.RR HH24:MI'),4);
INSERT INTO verkauf VALUES (8309, to_date('24.11.12 13:14', 'DD.MM.RR HH24:MI'),0);
INSERT INTO verkauf VALUES (8310, to_date('24.11.12 17:28', 'DD.MM.RR HH24:MI'),0);
INSERT INTO verkauf VALUES (8311, to_date('24.11.12 17:59', 'DD.MM.RR HH24:MI'),0);
INSERT INTO verkauf VALUES (8312, to_date('24.11.12 18:21', 'DD.MM.RR HH24:MI'),0);
INSERT INTO verkauf VALUES (8313, to_date('25.11.12 09:41', 'DD.MM.RR HH24:MI'),0);
INSERT INTO verkauf VALUES (8314, to_date('25.11.12 10:59', 'DD.MM.RR HH24:MI'),1);
INSERT INTO verkauf VALUES (8315, to_date('25.11.12 11:01', 'DD.MM.RR HH24:MI'),1);
INSERT INTO verkauf VALUES (8316, to_date('25.11.12 11:08', 'DD.MM.RR HH24:MI'),0);
INSERT INTO verkauf VALUES (8317, to_date('25.11.12 11:13', 'DD.MM.RR HH24:MI'),8);
INSERT INTO verkauf VALUES (8318, to_date('25.11.12 12:39', 'DD.MM.RR HH24:MI'),2);
INSERT INTO verkauf VALUES (8319, to_date('25.11.12 13:28', 'DD.MM.RR HH24:MI'),9);
INSERT INTO verkauf VALUES (8320, to_date('25.11.12 16:34', 'DD.MM.RR HH24:MI'),1);
INSERT INTO verkauf VALUES (8321, to_date('25.11.12 18:31', 'DD.MM.RR HH24:MI'),3);
INSERT INTO verkauf VALUES (8322, to_date('26.11.12 08:08', 'DD.MM.RR HH24:MI'),0);
INSERT INTO verkauf VALUES (8323, to_date('26.11.12 08:28', 'DD.MM.RR HH24:MI'),1);
INSERT INTO verkauf VALUES (8324, to_date('26.11.12 10:22', 'DD.MM.RR HH24:MI'),0);
INSERT INTO verkauf VALUES (8325, to_date('26.11.12 10:57', 'DD.MM.RR HH24:MI'),0);
INSERT INTO verkauf VALUES (8326, to_date('26.11.12 11:08', 'DD.MM.RR HH24:MI'),4);
INSERT INTO verkauf VALUES (8327, to_date('26.11.12 11:54', 'DD.MM.RR HH24:MI'),3);
INSERT INTO verkauf VALUES (8328, to_date('26.11.12 12:46', 'DD.MM.RR HH24:MI'),0);
INSERT INTO verkauf VALUES (8329, to_date('26.11.12 12:46', 'DD.MM.RR HH24:MI'),0);
INSERT INTO verkauf VALUES (8330, to_date('26.11.12 12:58', 'DD.MM.RR HH24:MI'),0);
INSERT INTO verkauf VALUES (8331, to_date('26.11.12 12:59', 'DD.MM.RR HH24:MI'),2);
INSERT INTO verkauf VALUES (8332, to_date('26.11.12 14:53', 'DD.MM.RR HH24:MI'),2);
INSERT INTO verkauf VALUES (8333, to_date('26.11.12 16:07', 'DD.MM.RR HH24:MI'),1);
INSERT INTO verkauf VALUES (8334, to_date('26.11.12 18:50', 'DD.MM.RR HH24:MI'),0);
INSERT INTO verkauf VALUES (8335, to_date('26.11.12 19:52', 'DD.MM.RR HH24:MI'),0);
INSERT INTO verkauf VALUES (8336, to_date('27.11.12 09:44', 'DD.MM.RR HH24:MI'),7);
INSERT INTO verkauf VALUES (8337, to_date('27.11.12 11:28', 'DD.MM.RR HH24:MI'),1);
INSERT INTO verkauf VALUES (8338, to_date('27.11.12 11:47', 'DD.MM.RR HH24:MI'),6);
INSERT INTO verkauf VALUES (8339, to_date('27.11.12 15:51', 'DD.MM.RR HH24:MI'),0);
INSERT INTO verkauf VALUES (8340, to_date('27.11.12 16:11', 'DD.MM.RR HH24:MI'),0);
INSERT INTO verkauf VALUES (8341, to_date('27.11.12 19:10', 'DD.MM.RR HH24:MI'),0);
INSERT INTO verkauf VALUES (8342, to_date('28.11.12 11:34', 'DD.MM.RR HH24:MI'),1);
INSERT INTO verkauf VALUES (8343, to_date('28.11.12 12:31', 'DD.MM.RR HH24:MI'),0);
INSERT INTO verkauf VALUES (8344, to_date('28.11.12 14:14', 'DD.MM.RR HH24:MI'),1);
INSERT INTO verkauf VALUES (8345, to_date('28.11.12 14:17', 'DD.MM.RR HH24:MI'),3);
INSERT INTO verkauf VALUES (8346, to_date('28.11.12 15:28', 'DD.MM.RR HH24:MI'),2);
INSERT INTO verkauf VALUES (8347, to_date('29.11.12 10:59', 'DD.MM.RR HH24:MI'),4);
INSERT INTO verkauf VALUES (8348, to_date('29.11.12 12:31', 'DD.MM.RR HH24:MI'),5);
INSERT INTO verkauf VALUES (8349, to_date('29.11.12 19:30', 'DD.MM.RR HH24:MI'),5);
INSERT INTO verkauf VALUES (8350, to_date('29.11.12 19:20', 'DD.MM.RR HH24:MI'),3);
INSERT INTO verkauf VALUES (8351, to_date('30.11.12 09:56', 'DD.MM.RR HH24:MI'),9);
INSERT INTO verkauf VALUES (8352, to_date('30.11.12 14:01', 'DD.MM.RR HH24:MI'),4);
INSERT INTO verkauf VALUES (8353, to_date('30.11.12 14:20', 'DD.MM.RR HH24:MI'),2);
INSERT INTO verkauf VALUES (8354, to_date('30.11.12 15:06', 'DD.MM.RR HH24:MI'),0);
INSERT INTO verkauf VALUES (8355, to_date('30.11.12 15:51', 'DD.MM.RR HH24:MI'),0);
INSERT INTO verkauf VALUES (8356, to_date('30.11.12 16:43', 'DD.MM.RR HH24:MI'),1);
INSERT INTO verkauf VALUES (8357, to_date('30.11.12 17:45', 'DD.MM.RR HH24:MI'),0);
commit;

INSERT INTO verkauf VALUES (8358 , to_date('04.08.12 18:33', 'DD.MM.RR HH24:MI'),10);
INSERT INTO verkauf VALUES (8359 , to_date('06.08.12 19:25', 'DD.MM.RR HH24:MI'),13);
INSERT INTO verkauf VALUES (8360 , to_date('07.08.12 13:24', 'DD.MM.RR HH24:MI'),13);
INSERT INTO verkauf VALUES (8361 , to_date('07.08.12 21:15', 'DD.MM.RR HH24:MI'),13);
INSERT INTO verkauf VALUES (8362 , to_date('09.08.12 19:16', 'DD.MM.RR HH24:MI'),13);
INSERT INTO verkauf VALUES (8363 , to_date('10.08.12 10:33', 'DD.MM.RR HH24:MI'),13);
INSERT INTO verkauf VALUES (8364 , to_date('10.08.12 15:45', 'DD.MM.RR HH24:MI'),13);
INSERT INTO verkauf VALUES (8365 , to_date('13.08.12 19:45', 'DD.MM.RR HH24:MI'),13);
INSERT INTO verkauf VALUES (8366 , to_date('16.08.12 12:39', 'DD.MM.RR HH24:MI'),13);
INSERT INTO verkauf VALUES (8367 , to_date('18.08.12 19:02', 'DD.MM.RR HH24:MI'),10);
INSERT INTO verkauf VALUES (8368 , to_date('19.08.12 23:04', 'DD.MM.RR HH24:MI'),10);
INSERT INTO verkauf VALUES (8369 , to_date('20.08.12 11:50', 'DD.MM.RR HH24:MI'),11);
INSERT INTO verkauf VALUES (8370 , to_date('22.08.12 18:47', 'DD.MM.RR HH24:MI'),13);
INSERT INTO verkauf VALUES (8371 , to_date('23.08.12 21:18', 'DD.MM.RR HH24:MI'),13);
INSERT INTO verkauf VALUES (8372 , to_date('23.08.12 22:52', 'DD.MM.RR HH24:MI'),13);
INSERT INTO verkauf VALUES (8373 , to_date('24.08.12 17:25', 'DD.MM.RR HH24:MI'),13);
INSERT INTO verkauf VALUES (8374 , to_date('25.08.12 23:24', 'DD.MM.RR HH24:MI'),13);
INSERT INTO verkauf VALUES (8375 , to_date('27.08.12 19:59', 'DD.MM.RR HH24:MI'),11);
INSERT INTO verkauf VALUES (8376 , to_date('27.08.12 20:10', 'DD.MM.RR HH24:MI'),13);
INSERT INTO verkauf VALUES (8377 , to_date('28.08.12 12:15', 'DD.MM.RR HH24:MI'),13);
INSERT INTO verkauf VALUES (8378 , to_date('29.08.12 07:19', 'DD.MM.RR HH24:MI'),13);
INSERT INTO verkauf VALUES (8379 , to_date('31.08.12 21:09', 'DD.MM.RR HH24:MI'),13);
INSERT INTO verkauf VALUES (8380 , to_date('02.09.12 13:47', 'DD.MM.RR HH24:MI'),12);
INSERT INTO verkauf VALUES (8381 , to_date('02.09.12 17:04', 'DD.MM.RR HH24:MI'),12);
INSERT INTO verkauf VALUES (8382 , to_date('02.09.12 20:02', 'DD.MM.RR HH24:MI'),12);
INSERT INTO verkauf VALUES (8383 , to_date('05.09.12 08:42', 'DD.MM.RR HH24:MI'),10);
INSERT INTO verkauf VALUES (8384 , to_date('05.09.12 08:59', 'DD.MM.RR HH24:MI'),12);
INSERT INTO verkauf VALUES (8385 , to_date('05.09.12 09:33', 'DD.MM.RR HH24:MI'),12);
INSERT INTO verkauf VALUES (8386 , to_date('05.09.12 19:52', 'DD.MM.RR HH24:MI'),10);
INSERT INTO verkauf VALUES (8387 , to_date('06.09.12 22:41', 'DD.MM.RR HH24:MI'),10);
INSERT INTO verkauf VALUES (8388 , to_date('07.09.12 09:14', 'DD.MM.RR HH24:MI'),13);
INSERT INTO verkauf VALUES (8389 , to_date('09.09.12 17:49', 'DD.MM.RR HH24:MI'),10);
INSERT INTO verkauf VALUES (8390 , to_date('10.09.12 18:36', 'DD.MM.RR HH24:MI'),13);
INSERT INTO verkauf VALUES (8391 , to_date('13.09.12 23:09', 'DD.MM.RR HH24:MI'),13);
INSERT INTO verkauf VALUES (8392 , to_date('14.09.12 04:51', 'DD.MM.RR HH24:MI'),12);
INSERT INTO verkauf VALUES (8393 , to_date('15.09.12 00:04', 'DD.MM.RR HH24:MI'),13);
INSERT INTO verkauf VALUES (8394 , to_date('17.09.12 19:49', 'DD.MM.RR HH24:MI'),13);
INSERT INTO verkauf VALUES (8395 , to_date('18.09.12 17:35', 'DD.MM.RR HH24:MI'),12);
INSERT INTO verkauf VALUES (8396 , to_date('18.09.12 19:21', 'DD.MM.RR HH24:MI'),13);
INSERT INTO verkauf VALUES (8397 , to_date('18.09.12 20:45', 'DD.MM.RR HH24:MI'),13);
INSERT INTO verkauf VALUES (8398 , to_date('20.09.12 09:58', 'DD.MM.RR HH24:MI'),11);
INSERT INTO verkauf VALUES (8399 , to_date('20.09.12 11:47', 'DD.MM.RR HH24:MI'),13);
INSERT INTO verkauf VALUES (8400 , to_date('20.09.12 13:24', 'DD.MM.RR HH24:MI'),13);
INSERT INTO verkauf VALUES (8401 , to_date('20.09.12 19:12', 'DD.MM.RR HH24:MI'),13);
INSERT INTO verkauf VALUES (8402 , to_date('20.09.12 19:11', 'DD.MM.RR HH24:MI'),13);
INSERT INTO verkauf VALUES (8403 , to_date('21.09.12 20:11', 'DD.MM.RR HH24:MI'),13);
INSERT INTO verkauf VALUES (8404 , to_date('22.09.12 09:29', 'DD.MM.RR HH24:MI'),13);
INSERT INTO verkauf VALUES (8405 , to_date('22.09.12 11:22', 'DD.MM.RR HH24:MI'),13);
INSERT INTO verkauf VALUES (8406 , to_date('22.09.12 20:03', 'DD.MM.RR HH24:MI'),12);
INSERT INTO verkauf VALUES (8407 , to_date('23.09.12 13:56', 'DD.MM.RR HH24:MI'),13);
INSERT INTO verkauf VALUES (8408 , to_date('24.09.12 03:52', 'DD.MM.RR HH24:MI'),13);
INSERT INTO verkauf VALUES (8409 , to_date('24.09.12 13:32', 'DD.MM.RR HH24:MI'),11);
INSERT INTO verkauf VALUES (8410 , to_date('24.09.12 16:59', 'DD.MM.RR HH24:MI'),13);
INSERT INTO verkauf VALUES (8411 , to_date('24.09.12 20:17', 'DD.MM.RR HH24:MI'),10);
INSERT INTO verkauf VALUES (8412 , to_date('24.09.12 21:23', 'DD.MM.RR HH24:MI'),13);
INSERT INTO verkauf VALUES (8413 , to_date('25.09.12 08:16', 'DD.MM.RR HH24:MI'),13);
INSERT INTO verkauf VALUES (8414 , to_date('26.09.12 15:14', 'DD.MM.RR HH24:MI'),13);
INSERT INTO verkauf VALUES (8415 , to_date('26.09.12 21:41', 'DD.MM.RR HH24:MI'),13);
INSERT INTO verkauf VALUES (8416 , to_date('26.09.12 22:27', 'DD.MM.RR HH24:MI'),13);
INSERT INTO verkauf VALUES (8417 , to_date('26.09.12 23:47', 'DD.MM.RR HH24:MI'),13);
INSERT INTO verkauf VALUES (8418 , to_date('27.09.12 13:44', 'DD.MM.RR HH24:MI'),13);
INSERT INTO verkauf VALUES (8419 , to_date('27.09.12 15:16', 'DD.MM.RR HH24:MI'),10);
INSERT INTO verkauf VALUES (8420 , to_date('27.09.12 15:31', 'DD.MM.RR HH24:MI'),13);
INSERT INTO verkauf VALUES (8421 , to_date('30.09.12 18:54', 'DD.MM.RR HH24:MI'),13);
INSERT INTO verkauf VALUES (8422 , to_date('02.10.12 11:52', 'DD.MM.RR HH24:MI'),13);
INSERT INTO verkauf VALUES (8423 , to_date('02.10.12 16:13', 'DD.MM.RR HH24:MI'),13);
INSERT INTO verkauf VALUES (8424 , to_date('06.10.12 00:07', 'DD.MM.RR HH24:MI'),13);
INSERT INTO verkauf VALUES (8425 , to_date('06.10.12 21:25', 'DD.MM.RR HH24:MI'),13);
INSERT INTO verkauf VALUES (8426 , to_date('10.10.12 20:19', 'DD.MM.RR HH24:MI'),13);
INSERT INTO verkauf VALUES (8427 , to_date('10.10.12 20:24', 'DD.MM.RR HH24:MI'),13);
INSERT INTO verkauf VALUES (8428 , to_date('11.10.12 18:38', 'DD.MM.RR HH24:MI'),12);
INSERT INTO verkauf VALUES (8429 , to_date('13.10.12 13:02', 'DD.MM.RR HH24:MI'),13);
INSERT INTO verkauf VALUES (8430 , to_date('14.10.12 03:10', 'DD.MM.RR HH24:MI'),13);
INSERT INTO verkauf VALUES (8431 , to_date('14.10.12 16:14', 'DD.MM.RR HH24:MI'),13);
INSERT INTO verkauf VALUES (8432 , to_date('15.10.12 08:58', 'DD.MM.RR HH24:MI'),11);
INSERT INTO verkauf VALUES (8433 , to_date('21.10.12 15:53', 'DD.MM.RR HH24:MI'),12);
INSERT INTO verkauf VALUES (8434 , to_date('22.10.12 02:12', 'DD.MM.RR HH24:MI'),13);
INSERT INTO verkauf VALUES (8435 , to_date('23.10.12 10:19', 'DD.MM.RR HH24:MI'),13);
INSERT INTO verkauf VALUES (8436 , to_date('23.10.12 17:09', 'DD.MM.RR HH24:MI'),12);
INSERT INTO verkauf VALUES (8437 , to_date('01.11.12 17:30', 'DD.MM.RR HH24:MI'),10);
INSERT INTO verkauf VALUES (8438 , to_date('02.11.12 10:35', 'DD.MM.RR HH24:MI'),13);
INSERT INTO verkauf VALUES (8439 , to_date('03.11.12 14:08', 'DD.MM.RR HH24:MI'),13);
INSERT INTO verkauf VALUES (8440 , to_date('04.11.12 16:50', 'DD.MM.RR HH24:MI'),13);
INSERT INTO verkauf VALUES (8441 , to_date('04.11.12 17:58', 'DD.MM.RR HH24:MI'),11);
INSERT INTO verkauf VALUES (8442 , to_date('04.11.12 18:45', 'DD.MM.RR HH24:MI'),12);
INSERT INTO verkauf VALUES (8443 , to_date('05.11.12 19:23', 'DD.MM.RR HH24:MI'),13);
INSERT INTO verkauf VALUES (8444 , to_date('07.11.12 11:26', 'DD.MM.RR HH24:MI'),13);
INSERT INTO verkauf VALUES (8445 , to_date('09.11.12 10:13', 'DD.MM.RR HH24:MI'),13);
INSERT INTO verkauf VALUES (8446 , to_date('11.11.12 19:11', 'DD.MM.RR HH24:MI'),13);
INSERT INTO verkauf VALUES (8447 , to_date('14.11.12 13:02', 'DD.MM.RR HH24:MI'),13);
INSERT INTO verkauf VALUES (8448 , to_date('16.11.12 09:23', 'DD.MM.RR HH24:MI'),11);
INSERT INTO verkauf VALUES (8449 , to_date('19.11.12 22:02', 'DD.MM.RR HH24:MI'),13);
INSERT INTO verkauf VALUES (8450 , to_date('21.11.12 16:56', 'DD.MM.RR HH24:MI'),13);
INSERT INTO verkauf VALUES (8451 , to_date('21.11.12 18:41', 'DD.MM.RR HH24:MI'),13);
INSERT INTO verkauf VALUES (8452 , to_date('21.11.12 18:30', 'DD.MM.RR HH24:MI'),13);
INSERT INTO verkauf VALUES (8453 , to_date('21.11.12 22:23', 'DD.MM.RR HH24:MI'),10);
INSERT INTO verkauf VALUES (8454 , to_date('21.11.12 20:58', 'DD.MM.RR HH24:MI'),13);
INSERT INTO verkauf VALUES (8455 , to_date('23.11.12 18:38', 'DD.MM.RR HH24:MI'),13);
INSERT INTO verkauf VALUES (8456 , to_date('24.11.12 19:54', 'DD.MM.RR HH24:MI'),12);
INSERT INTO verkauf VALUES (8457 , to_date('25.11.12 15:28', 'DD.MM.RR HH24:MI'),13);
INSERT INTO verkauf VALUES (8458 , to_date('25.11.12 16:44', 'DD.MM.RR HH24:MI'),13);
INSERT INTO verkauf VALUES (8459 , to_date('27.11.12 16:16', 'DD.MM.RR HH24:MI'),10);
INSERT INTO verkauf VALUES (8460 , to_date('27.11.12 19:14', 'DD.MM.RR HH24:MI'),10);
INSERT INTO verkauf VALUES (8461 , to_date('30.11.12 15:56', 'DD.MM.RR HH24:MI'),13);
INSERT INTO verkauf VALUES (8462 , to_date('30.11.12 15:59', 'DD.MM.RR HH24:MI'),13);
INSERT INTO verkauf VALUES (8463 , to_date('30.11.12 18:43', 'DD.MM.RR HH24:MI'),13);
commit;
